image_id,image_path,product_id,title,price,url,Brand,Manufacturer,Series,Colour,Form Factor,Standing screen display size,Screen Resolution,Resolution,Package Dimensions,Batteries,Item model number,Processor Brand,Processor Type,Processor Speed,Processor Count,Memory Technology,Computer Memory Type,Maximum Memory Supported,Hard Drive Size,Hard Disk Description,Audio Details,Speaker Description,Graphics Coprocessor,Graphics Chipset Brand,Graphics Card Description,Graphics RAM Type,Graphics Card Ram Size,Graphics Card Interface,Connectivity Type,Wireless Type,Number of USB 3.0 Ports,Number of HDMI Ports,Voltage,Wattage,Optical Drive Type,Operating System,Are Batteries Included,Lithium Battery Energy Content,Number of Lithium Ion Cells,Included Components,Country of Origin,Item Weight,RAM Size,Number of USB 2.0 Ports,Number of Lithium Metal Cells,Item Height,Item Width,Product Dimensions,Memory Clock Speed,Hard Drive Interface,Power Source,Hardware Platform,Average Battery Life (in hours),Number of Ethernet Ports,Front Webcam Resolution,Average Battery Standby Life (in hours),Rear Webcam Resolution,Educational Objective(s),Model Number,Assembly Required,Batteries Required,Batteries Included,Material Type(s),Manufacturer recommended age,Hard Disk Rotational Speed,Model,Model Name,Model Year,Memory Storage Capacity,Memory Slots Available,Ram Memory Installed Size,Ram Memory Technology,Processor model number,Hardware Interface,Compatible Devices,Special Features,Chipset Type,Mounting Hardware,Number of items,Software included,Display Technology,Display Type,Audio Output Type,Video Output,Battery Average Life,Battery cell composition,Number of Ports,Total USB ports,Keyboard Description,Connector Type,Device interface - primary,Supports Bluetooth Technology,Lithium Battery Weight,Material,Mounting Type,Has Auto Focus,Programmable Buttons,Imported By
laptop_0,.\images/laptop_0.jpg,laptop_0,"Lenovo LOQ 2024, AMD Ryzen 5 7235HS, NVIDIA RTX 3050-6GB, 12GB RAM, 512GB SSD, FHD IPS 144Hz 300Nits, 15.6""/39.6cm, Windows 11, MS Office 21, Grey, 2.4Kg, 83JC0031IN, 3 Mon. Game Pass Gaming Laptop","₹60,990.00",https://www.amazon.in/Lenovo-7235HS-300Nits-Graphics-83JC0031IN/dp/B0D7VMYDJY/ref=sr_1_25,‎Lenovo,‎Lenovo,‎LOQ,‎Luna Grey,‎Gaming Laptop,‎15.6,‎1920 x 1080 pixel,‎1920x1080,‎54.1 x 35.79 x 8.8 cm; 2.38 kg,‎1 P76 batteries required. (included),‎15ARP9,‎AMD,‎Ryzen 5,‎3.2 GHz,‎4,‎DDR5,‎DDR5 RAM,‎32 GB,‎512 GB,‎SSD,"‎Headphones, Speakers",‎2 x 2W speakers with Nahimic Audio & Sound Tracker,‎NVIDIA GeForce RTX 3050,‎NVIDIA,‎Dedicated,‎GDDR6,‎6 GB,‎PCI Express,"‎Bluetooth, Wi-Fi",‎802.11ax,‎4,‎1,‎10.8 Volts,‎10 Watts,‎Not Available,‎Windows 11,‎Yes,‎60 Watt Hours,‎4,"‎Laptop,Power Adapter,User Guide,,,,,,,,,,,,,,,,,",‎China,‎2 kg 380 g,,,,,,,,,,,,,,,,,,,,,,,,,,,,,,,,,,,,,,,,,,,,,,,,,,,,,,,,
laptop_1,.\images/laptop_1.jpg,laptop_1,"Acer Aspire 3, Intel Core Celeron N4500, 8GB LPDDR4X, 512GB SSD, HD, 14""/35.56cm, Windows 11 Home, Pure Silver, 1.3KG, A324-45, HD Webcam, 38 WHR Laptop","₹21,990.00",https://www.amazon.in/Acer-Celeron-Processor-LPDDR4X-A324-45/dp/B0D7PSTHRD/ref=sr_1_23,‎acer,‎Acer,‎Aspire 3,‎Silver,‎Laptop,‎14 Inches,‎1366 x 768,‎1366 x 768 Pixels,‎35.5 x 30.2 x 7.6 cm; 1 g,‎1 Lithium Ion batteries required. (included),‎A324-45,‎Intel,‎Celeron,‎1.1 GHz,‎1,‎LPDDR4X,‎SDRAM,‎8 GB,‎512 GB,‎SSD,‎Speakers,,,‎Intel,‎Integrated,‎SDRAM,,‎Integrated,‎Wi-Fi,‎802.11a/b/g/n/ac,‎1,‎1,,,,‎Windows 11 Home,‎Yes,‎38 Watt Hours,‎2,"‎1U (contains Laptop 1N, Power cord 1N, Adapter 1N, User Manual 1N)",,‎1 g,‎8 GB,‎1,‎2,,,,,,,,,,,,,,,,,,,,,,,,,,,,,,,,,,,,,,,,,,,,,,,,,,,,,
laptop_2,.\images/laptop_2.jpg,laptop_2,"HP 15 AMD Ryzen 3 7320U (8GB LPDDDR5 Ram/512GB NVMe M.2 SSD/Anti Glare, Micro Edge/15.6"" (39.6 Cm) FHD/Backlit Keyboard/Win11 Home+MS Office'21/ AMD Radeon Graphics, HD Camera/1.59Kg/Silver) Fc0026AU","₹30,780.00",https://www.amazon.in/HP-Backlit-Keyboard-Windows-Fc0026Au/dp/B0C3RCR4K7/ref=sr_1_16,‎HP,‎HP,‎HP Laptop,"‎Natural Silver, R3-7320u",‎Standard Laptop,‎15.6 Inches,‎1920 x 1080 pixels,‎1920 x 1080 Pixels,,‎1 Lithium Ion batteries required. (included),‎15-fc0026AU,‎AMD,‎Ryzen 3,‎4.1 GHz,‎1,‎Lpddr 5,‎DDR5 RAM,‎8 GB,‎512 GB,‎SSD,"‎Headphones, Speakers",‎Dual speakers,‎AMD Radeon,‎AMD,‎Integrated,‎VRAM,‎8 GB,‎Integrated,"‎Bluetooth, Wi-Fi",‎Bluetooth,‎2,‎1,‎45 Volts,,,‎Windows 11 Home,‎Yes,‎41 Watt Hours,‎3,"‎Laptop, Power Adapter, User Manual",,‎1 kg 600 g,‎8 GB,,,‎52.3 Centimeters,‎7.2 Centimeters,‎52.3 x 7.2 x 52.3 cm; 1.6 kg,‎3200 GHz,‎USB-C,‎ac,‎PC,‎11 Hours,,,,,,,,,,,,,,,,,,,,,,,,,,,,,,,,,,,,,,,,,,,,,
laptop_3,.\images/laptop_3.jpg,laptop_3,"Dell Inspiron 3530 Laptop, 13th Gen Intel Core i5-1334U Processor, 16GB, 512GB SSD, 15.6""(39.62cm) FHD 120Hz 250 nits, Backlit KB, Windows 11 + MSO'24 & 15 Month McAfee, Silver, Thin & Light- 1.62kg","₹57,528.00",https://www.amazon.in/Dell-Inspiron-i5-1334U-Processor-39-62cm/dp/B0D2Y1BLDT/ref=sr_1_19,‎Dell,‎Dell India Pvt Ltd,‎Inspiron,‎Silver,‎Laptop,‎15.6 Inches,‎1920 x 1080 pixel,‎1920 x 1080 Pixels,,‎1 Lithium Ion batteries required. (included),‎Inspiron 3530,‎Intel,‎Core i5,‎4.6 GHz,‎1,‎DDR4,‎DDR4 SDRAM,‎16 GB,‎512 GB,‎SSD,‎Speakers,,‎Intel UHD Graphics,‎Intel,‎Integrated,‎Shared,,‎Integrated,‎Wi-Fi,‎802.11bgn,‎2,‎1,,,,‎Windows 11 Home,‎Yes,‎41 Watt Hours,‎3,"‎‎‎Laptop, Battery, AC Adapter, User Guide, Manuals",‎China,‎1 kg 620 g,,‎1,,‎45.9 Centimeters,‎35.4 Centimeters,‎7.2 x 35.4 x 45.9 cm; 1.62 kg,,,,,‎7 Hours,,,,,,,,,,,,,,,,,,,,,,,,,,,,,,,,,,,,,,,,,,,,,
laptop_4,.\images/laptop_4.jpg,laptop_4,"Lenovo V14 G3 14"" FHD Laptop, Intel Core i5-1235U, 16GB DDR4 RAM, 512GB SSD, Intel Iris Xe Graphics, Windows 11, Ms-Office Lifetime Validity, Iron Grey,1.6kg, 1 Year Onsite Brand Warranty","₹40,990.00",https://www.amazon.in/Lenovo-V14-G3-i5-1235U-Ms-Office/dp/B0F4XH5MVJ/ref=sr_1_35,‎Lenovo,‎Lenovo,‎82TS00PDLN,‎Iron Grey,‎Notebook,‎14 Inches,‎1920 x 1080 pixels,‎1920 x 1080 Pixels,‎51.7 x 32 x 8.6 cm; 1.6 kg,‎1 12V batteries required. (included),‎V14 G3,‎Intel,‎Core i5,‎1.7 GHz,‎1,‎DDR4,‎DDR4 SDRAM,‎16 GB,‎512 GB,‎SSD,‎Speakers,,‎Intel Iris Xe Graphics,‎Intel,‎Integrated,‎DDR4 SDRAM,,‎Integrated,"‎Bluetooth, Wi-Fi","‎Bluetooth, 802.11ax",‎2,‎1,,,‎BD-ROM,‎Windows 11 Home,‎Yes,‎65 Kilowatt Hours,‎2,‎ADAPTOR,‎India,‎1 kg 600 g,,‎2,,,,,‎3200 GHz,‎Solid State,,,,‎1,‎2 MP,,,,,,,,,,,,,,,,,,,,,,,,,,,,,,,,,,,,,,,,,,,
laptop_5,.\images/laptop_5.jpg,laptop_5,"HP Victus, AMD Ryzen 5 5600H, NVIDIA RTX 3050, 16GB DDR4, 512GB SSD (Win11, Office21, Blue, 2.37kg) 144Hz, 9MS, IPS, 15.6-inch(39.6cm) Gaming Laptop, Backlit kb, Enhanced Cooling, fb0106AX/Fb0112AX","₹62,990.00",https://www.amazon.in/HP-GeForce-Graphics-Response-15-fb0106AX/dp/B0BWS9YNCX/ref=sr_1_3,‎HP,‎HP,‎Victus Gaming Laptop,‎Performance Blue,‎Netbook,‎39.6 Centimetres,‎1920 x 1080 pixel,‎1920x1080 Pixels,,‎1 Lithium Ion batteries required. (included),‎15-fb0106AX/15-fb0112ax,‎AMD,‎AMD Ryzen 5 5600X,‎4.2 GHz,‎1,‎DDR4,‎DDR4 SDRAM,‎16 GB,‎512 GB,‎SSD,‎Headphones,"‎Audio by B&O, Dual speakers",‎NVIDIA GeForce RTX 3050,‎AMD,‎Dedicated,‎GDDR6,‎4 GB,‎PCI Express,‎Wi-Fi,‎Bluetooth,‎2,‎1,,‎52.5 Watt Hours,,‎Windows 11 Home,‎Yes,‎52.5 Watt Hours,‎3,"‎Laptop, Power Adapter, User Manual",‎China,‎3 kg 420 g,‎16 GB,,,‎52.2 Centimeters,‎30.9 Centimeters,‎7.2 x 30.9 x 52.2 cm; 3.42 kg,‎3200 MHz,‎Solid State,‎ac,,‎10 Hours,,‎720 Pixels,,,,,,,,,,,,,,,,,,,,,,,,,,,,,,,,,,,,,,,,,,,
laptop_6,.\images/laptop_6.jpg,laptop_6,"JioBook 11 with Lifetime Office/Android 4G Laptop Mediatek 8788 (JioOS) / Octa-core/ 4GB RAM / 64 eMMC Storage/Thin and Light Laptop (11.6 inch, 990 Grams)/ Dual Band WiFi + SIM/Blue","₹12,990.00",https://www.amazon.in/JioBook-Octa-Core-LPDDR4-JioOS-Expandable/dp/B0CKX9PY1H/ref=sr_1_21,‎JIO,"‎Hunan Greatwall Computer Systems Co., Ltd.",‎JioBook,‎Blue,‎Ultra-Portable,‎11.6 Inches,‎1366_x_768_pixels,‎1366 x 768 Pixels,,‎1 Lithium Ion batteries required. (included),‎NB1112MM(BLU),‎MediaTek,‎Others,‎2 GHz,‎8,‎LPDDR4,‎DDR4 SDRAM,‎4 GB,‎64 GB,‎Emmc,‎Speakers,‎Built-in Stereo Speakers,‎ARM Mali G72 MP3 @800 MHz,‎MediaTek,‎Integrated,‎Shared,,‎Integrated,‎Bluetooth,‎802.11abg,,,‎12 Volts,‎48 Watt Hours,‎eMMC,‎JioOS,‎Yes,‎4000 Milliamp Hours (mAh),‎2,"‎Charger, Laptop",‎China,‎990 g,‎4 GB,‎2,‎2,‎32.9 Centimeters,‎24.2 Centimeters,‎8.7 x 24.2 x 32.9 cm; 990 g,‎2 GHz,,,,‎8 Hours,,‎2 MP,,,,,,,,,,,,,,,,,,,,,,,,,,,,,,,,,,,,,,,,,,,
laptop_7,.\images/laptop_7.jpg,laptop_7,"ASUS VivoBook 15 (2022), Intel Core i3-1215U, 12th Gen, 8GB RAM, 512GB SSD, FHD, 15.6""/39.62cm, Windows 11, MS Office 2021, Icelight Silver, 1.7KG, X1502ZA-EJ322WS, Backlit KB Laptop","₹30,990.00",https://www.amazon.in/ASUS-VivoBook-Intel%C2%AECoreTM-i3-1215U-X1502ZA-EJ322WS/dp/B0BTVMBLZC/ref=sr_1_20,‎ASUS,‎ASUS,‎Vivobook 15,‎i3-12 | 8GB [Silver],‎Ultra-Portable,‎15.6 Inches,‎1920 x 1080 pixels,‎1920 x 1080 Pixels,,‎1 Lithium Ion batteries required. (included),‎X1502ZA-EJ322WS,‎Intel,‎Core i3-1215U,‎1.2 GHz,‎6,‎DDR4,‎SDRAM,‎16 GB,‎512 GB,‎SSD,"‎Headphones, Speakers","‎SonicMaster, Built-in speaker",‎Intel UHD Graphics,‎Intel,‎Integrated,‎Shared,‎8 GB,‎Integrated,"‎Bluetooth, Wi-Fi","‎Bluetooth, 802.11ax",‎3,‎1,‎19 Volts,‎45 Watts,‎No Optical Drive,‎Windows 11 Home,‎Yes,‎42 Watt Hours,‎3,"‎‎Laptop, User Manual, ø4.5 45W AC Adapter",‎China,‎1 kg 700 g,‎8 GB,‎1,,‎20 Millimeters,‎36 Centimeters,‎23.3 x 36 x 2 cm; 1.7 kg,‎3200 MHz,‎PCIE x 2,,‎PC,‎6 Hours,,‎720 Pixels,,,,,,,,,,,,,,,,,,,,,,,,,,,,,,,,,,,,,,,,,,,
laptop_8,.\images/laptop_8.jpg,laptop_8,"Apple MacBook Air Laptop: Apple M1 chip, 13.3-inch/33.74 cm Retina Display, 8GB RAM, 256GB SSD Storage, Backlit Keyboard, FaceTime HD Camera, Touch ID. Works with iPhone/iPad; Space Grey","₹59,990.00",https://www.amazon.in/Apple-MacBook-Chip-13-inch-256GB/dp/B08N5W4NNB/ref=sr_1_9,‎Apple,‎Apple,‎MacBook Air,‎Space Grey,‎Notebook,‎13 Inches,‎2560 x 1600 pixel,,,‎1 Lithium Ion batteries required. (included),‎MGN63HN/A,‎Apple,‎Core M Family,‎3.1 GHz,‎8,‎DDR3,,‎16 GB,‎256 GB,‎SSD,‎Speakers,,,‎Apple,‎Integrated,‎DDR3 SDRAM,,‎Integrated,‎Wi-Fi,,‎4,,‎28 Volts,,‎No Optical Drive,‎macOS 10.14 Mojave,‎Yes,‎49.9 Watt Hours,‎3,"‎MacBook Air, USB-C Charge Cable (2 m), 30W USB-C Power Adapter",‎China,‎2 kg 80 g,‎8 GB,‎4,,‎23.1 Centimeters,‎7.3 Centimeters,‎32.4 x 7.3 x 23.1 cm; 2.08 kg,,‎eSATA,‎Battery Powered,‎Mac,‎18 Hours,,,‎18 Hours,,,,,,,,,,,,,,,,,,,,,,,,,,,,,,,,,,,,,,,,,,
laptop_9,.\images/laptop_9.jpg,laptop_9,"Primebook S 4G, 2025(New, WiFi+4G) Android Based MediaTek MT8788 - (PrimeOS) 4G SIM Slot, Thin and Light Laptop (11.6 Inch, 1.065 Kg, Type C, USB, HDMI, MicroSD) (4GB/128GB eMMC Storage, Black)","₹16,490.00",https://www.amazon.in/Primebook-4G-Android-MediaTek-MT8788/dp/B0D1Y359QD/ref=sr_1_20,‎Primebook,‎VVDN Technologies Private Limited,‎Primebook S 4G,‎Black,‎Laptop,‎11.6 Inches,‎1920 x 1080 pixel,‎1366 x 768 Pixels,‎32.7 x 23.5 x 8.7 cm; 1.1 kg,‎1 9V batteries required.,‎Primebook S 4G,‎MediaTek,‎MediaTek MT8183,‎2 GHz,‎1,‎LPDDR4,‎DDR4 SDRAM,‎4 GB,‎128 GB,‎Emmc,‎Speakers,‎Built-in Stereo Speakers,‎Mali-G72,‎MediaTek,‎Integrated,‎DDR4 SDRAM,‎44 GB,‎Integrated,‎Wi-Fi,‎802.11ac,,‎1,‎3.6 Volts,,,‎PrimeOS,,‎29.6 Watt Hours,‎2,"‎User Manual, Primebook Laptopp, Type C Charger",‎India,‎1 kg 100 g,‎4,‎2,,,,,‎1886 MHz,‎Serial ATA,,‎Laptop,,,‎2 MP,,‎2 MP,,,,,,,,,,,,,,,,,,,,,,,,,,,,,,,,,,,,,,,,,
laptop_10,.\images/laptop_10.jpg,laptop_10,"Cable World Educational Laptop Computer Toy Educational Computer for Kids Above 3 Years - 20 Fun Activity Learning Machine, Now Learn Letter, Words, Games, Mathematics, Music, Logic, Memory Tool,Blue",₹749.00,https://www.amazon.in/Cable-Tricycle-Dancing-Battery-Operated/dp/B08BJC3HXK/ref=sr_1_30,,‎Cable World®,,‎Blue,,,,,,‎3 AA batteries required.,‎Laptop Game For Kids - Blue,,,,,,,,,,,,,,,,,,,,,,,,,,,,,,‎India,‎100 g,,,,,,‎28.3 x 19.5 x 18 cm; 100 g,,,,,,,,,,"‎Recognition,Pronunciation,Spelling Test,Recognize Musical Notes",‎Laptop Game For Kids - Blue,‎No,‎Yes,‎No,‎Plastic,‎24 months and up,,,,,,,,,,,,,,,,,,,,,,,,,,,,,,,,,,
laptop_11,.\images/laptop_11.jpg,laptop_11,"Lenovo IdeaPad Slim 3, Intel Core i5-12450H, 12th Gen, 16GB RAM, 512GB SSD, FHD, 14""/35.5cm, Windows 11, MS Office Home 2024, Grey, 1.37Kg, 83EQ0072IN, Alexa Built-in, 3 mon. Game Pass Laptop","₹49,999.00",https://www.amazon.in/Lenovo-IdeaPad-i5-12450H-Windows-83EQ0072IN/dp/B0DP7BZ8FD/ref=sr_1_33,‎Lenovo,‎Lenovo,‎IdeaPad,‎i5-12th | Office 2024,‎Thin & Light,‎14 Inches,‎1920 x 1080 pixels,‎1920 x 1080 Pixels,‎48.4 x 29.4 x 7.6 cm; 1.37 kg,‎1 12V batteries required. (included),‎14IAH8,‎Intel,‎Intel Core i5,‎2 GHz,‎8,‎Lpddr 5,‎DDR5 RAM,‎16 GB,‎512 GB,‎SSD,"‎Headphones, Speakers","‎User-facing stereo speakers, 1.5W x2, optimized with Dolby Audio",‎Intel UHD Graphics,‎Intel,‎Integrated,‎Shared,,‎Integrated,"‎Bluetooth, Wi-Fi",‎802.11a/b/g/n/ac,‎3,,,,‎No Optical Drive,‎Windows 11 Home,‎Yes,‎47 Watt Hours,‎4,"‎User Guide, Laptop, Power Adapter",‎China,‎1 kg 370 g,,,,,,,,‎PCIE x 4,,,‎7 Hours,,,,,,,,,,,,,,,,,,,,,,,,,,,,,,,,,,,,,,,,,,,,,
laptop_12,.\images/laptop_12.jpg,laptop_12,"DELL 14 (2025) Intel Core i3 12th Gen 1215U - (16 GB/512 GB SSD/Intel UHD Graphics/Windows 11 Pro) Thin and Light Business Laptop/14.0"" HD Display/Grey/1.5 kg/MS Office 2021","₹33,940.00",https://www.amazon.in/DELL-14-Intel-Core-1215U/dp/B00BVG75DW/ref=sr_1_31,‎Dell,‎DELL,‎Latitude 14,‎Grey,‎Laptop,‎13.3 Inches,‎1366 x 768 pixels,‎1366 x 768 Pixels,‎41.58 x 32.3 x 12.32 cm; 1.5 kg,‎1 12V batteries required. (included),‎Dell 14,‎Intel,‎Core i3-1215U,‎4.4 GHz,‎6,‎DDR4,‎DDR4 SDRAM,‎16 GB,‎512 GB,‎SSD,"‎Headphones, Speakers",‎Built in Dual Speakers,‎Intel UHD Graphics,‎Intel,‎Integrated,‎Shared,,‎Integrated,"‎Bluetooth, Wi-Fi","‎Bluetooth, 802.11ax",‎3,‎1,‎240 Volts,,,‎Windows 11 Pro,‎Yes,‎42 Watt Hours,‎3,"‎LAPTOP, POWER ADAPTER, USER GUIDE",‎China,‎1 kg 500 g,‎4 GB,,,,,,‎4.4 GHz,‎Solid State,,,‎6 Hours,‎1,,,,,,,,,,,‎7200 RPM,,,,,,,,,,,,,,,,,,,,,,,,,,,,,,,,,
laptop_14,.\images/laptop_14.jpg,laptop_14,"Chuwi HeroBook Pro 14.1'' Intel Celeron N4020 Laptop with 8GB RAM, 256GB SSD, Windows 11, 1TB Expand, FHD IPS, Ultra Slim, USB3.0, Mini-HDMI, Webcam","₹16,990.00",https://www.amazon.in/Chuwi-HeroBook-Pro-Celeron-Mini-HDMI/dp/B0D9RXH8X5/ref=sr_1_22,‎Chuwi,‎Chuwi Innovation,‎HeroBook Pro,‎silver or black,‎Laptop,‎14.1 Inches,‎1920 x 1080 pixel,‎1920x1080,‎47.5 x 28 x 5.9 cm; 1.39 kg,‎1 Lithium Ion batteries required. (included),‎HeroBook Pro,‎Intel,‎Celeron N4020,‎2.4 GHz,‎1,‎DDR4,‎DDR4 SDRAM,‎8 GB,‎256 GB,‎SSD,"‎Headphones, Speakers",,‎Intel UHD Graphics 600,‎Intel,‎Integrated,,,,‎Wi-Fi,,,‎1,,,,‎Windows 11,‎Yes,‎130 Watt Hours,‎6,,,‎1 kg 390 g,,,,,,,,,,,‎9 Hours,,,,,,,,,,,,,,,,,,,,,,,,,,,,,,,,,,,,,,,,,,,,,
laptop_15,.\images/laptop_15.jpg,laptop_15,"HP 15, AMD Ryzen 3 7320U Laptop (8GB LPDDR5, 512GB SSD) Anti-Glare, Micro-Edge, 15.6""/39.6cm,FHD, Win 11, Silver, 1.59kg, AMD Radeon Graphics, 1080p HD Camera, fc0154AU","₹30,790.00",https://www.amazon.in/HP-Laptop-15-6-inch-Graphics-fc0154AU/dp/B0D3HG5CMG/ref=sr_1_18,‎HP,‎HP,‎HP Laptop,‎Light Silver,‎Ultra-Portable,‎39.6 Centimetres,‎1366 x 768 pixel,‎1920 x 1080 Pixels,‎52.1 x 31 x 6.9 cm; 1.59 kg,‎1 Lithium Ion batteries required. (included),‎9D3M8PA,‎AMD,‎Ryzen 3,‎4.1 GHz,‎1,‎DDR5,‎DDR5 RAM,‎8 GB,‎512 GB,‎Solid State Hard Drive,‎Speakers,,,‎AMD,‎Integrated,‎VRAM,‎8 GB,‎Integrated,‎Bluetooth,‎Bluetooth,‎1,,‎11.1 Volts,,,‎Windows,‎Yes,‎41 Watt Hours,‎3,"‎Laptop, charger",‎India,‎1 kg 590 g,,‎2,,,,,‎5500 MHz,,,,‎10.5 Hours,,,,,,,,,,,,,,,,,,,,,,,,,,,,,,,,,,,,,,,,,,,,,
laptop_16,.\images/laptop_16.jpg,laptop_16,"Lenovo IdeaPad 3, Intel Core i3-1215U, 12th Gen, 8GB RAM, 512GB SSD, FHD, 14""/35.5cm, Windows 11, MSOffice 2021, Arctic Grey, 1.43Kg, 82RJ00FUIN, 1 Year Warranty, 3months Game Pass, Thin& Light Laptop","₹34,990.00",https://www.amazon.in/Lenovo-IdeaPad-i3-1215U-Warranty-82RJ00FUIN/dp/B0DFH99H7X/ref=sr_1_13,‎Lenovo,‎Lenovo,‎IdeaPad,‎i3-12th | Office 21,‎Thin & Light,‎14 Inches,‎1920 x 1080 pixel,‎1920X1080 Pixels,‎48.2 x 29.8 x 7.4 cm; 1.43 kg,‎1 Lithium Polymer batteries required. (included),‎14IAU7,‎Intel,‎Core i3,‎1.2 GHz,‎6,‎DDR4,‎DDR4 SDRAM,‎16 GB,‎512 GB,‎SSD,"‎Headphones, Speakers","‎Stereo speakers, 1.5W x2, Dolby Audio",‎Intel UHD Graphics,‎Intel,‎Integrated,‎DDR4 SDRAM,,‎Integrated,"‎Bluetooth, Wi-Fi",‎Bluetooth,‎2,‎1,,‎1.5 Watts,‎No Optical Drive,"‎Windows 11 Home 64, English",‎Yes,‎38 Watt Hours,‎3,"‎Laptop, User Manual, Power Adapter",‎China,‎1 kg 430 g,‎8 GB,‎1,,,,,,‎Solid State,,,‎7 Hours,,,‎5 Hours,,,,,,,,,,,,,,,,,,,,,,,,,,,,,,,,,,,,,,,,,,
laptop_17,.\images/laptop_17.jpg,laptop_17,"Lenovo V15 AMD Ryzen 3 7320U 15.6"" (39.62cm) FHD 250 Nits Antiglare Thin and Light Laptop (8GB/512GB SSD/Windows 11 Home/Arctic Grey/1.63 Kg), 83CQ000XIN","₹28,490.00",https://www.amazon.in/Lenovo-39-62cm-Antiglare-Windows-83CQ000XIN/dp/B0DVGQPW13/ref=sr_1_15,‎Lenovo,‎Lenovo,‎Lenovo V15 G4,‎Arctic Grey,‎laptop,‎15.6 Inches,,‎1920x1080,‎48.6 x 30.6 x 6.8 cm; 1.63 kg,‎1 AAA batteries required. (included),,‎AMD,‎Ryzen 3,‎2.4 GHz,‎1,‎Lpddr 5,,‎8 GB,,‎SSD,,,,‎AMD,‎Integrated,‎Shared,,‎Integrated,,,,,,,‎No Optical Drive,‎Windows 11 Home,‎Yes,‎38 Watt Hours,‎2,"‎Laptop, User manual, Adapter",‎China,‎1 kg 630 g,,,,,,,,,,,,,,,,,,,,,,,,,,,,,,,,,,,,,,,,,,,,,,,,,,,,,,,,
laptop_18,.\images/laptop_18.jpg,laptop_18,"Dyazo 6 Angles Adjustable Aluminum Ergonomic Foldable Portable Tabletop Laptop/Desktop Riser Stand Holder Compatible for MacBook, HP, Dell, Lenovo & All Other Notebook (Silver)",₹349.00,https://www.amazon.in/Dyazo-Computer-Adjustable-Ergonomic-Compatible/dp/B08LHTJTBB/ref=sr_1_32,‎Dyazo,‎Dyazo,‎N3,‎Silver,‎Table Stand,,,,,,‎DZ 888,,,,,,,,,,,,,,,,,,,,,,,,,,‎Yes,,,‎laptop stand,‎China,‎240 g,,,,‎18 Millimeters,‎40 Millimeters,‎24 x 4 x 1.8 cm; 240 g,,,,,,,,,,,,,,,,,,,,,,,,,,,,,,,,,,,,,,,,,,,,,,,,,,
laptop_20,.\images/laptop_20.jpg,laptop_20,"ASUS TUF Gaming A15, 15.6"" (39.62cm) FHD 16:9 144Hz, AMD Ryzen 7 7435HS, Gaming Laptop (16 DDR5/512GB SSD/NVIDIA GeForce RTX 2050/Windows 11 Home/Graphite Black/2.30 Kg), FA506NFR-HN045W","₹56,990.00",https://www.amazon.in/ASUS-Gaming-15-6-39-62cm-FA506NFR-HN045W/dp/B0CDQ5CW9V/ref=sr_1_7,‎ASUS,‎ASUS,‎TUF Gaming,"‎Graphite Black, R7 | RTX 2050",‎gaming,‎15.6 Inches,‎1920 x 1080 pixel,‎1920 x 1080 Pixels,,‎1 Lithium Ion batteries required. (included),‎ASUS Vivobook 15 Laptop,‎AMD,‎AMD Ryzen 7,‎3.1 GHz,‎10,‎DDR5,‎DDR4 SDRAM,‎32 GB,‎512 GB,‎SSD,"‎Headphones, Speakers",,‎NVIDIA GeForce RTX 2050,‎NVIDIA,‎Dedicated,‎GDDR6,‎4 GB,‎Integrated,‎Wi-Fi,"‎Bluetooth, 802.11ac",,‎1,,‎70 Watts,‎No Optical Storage,‎Windows 11 Home,‎Yes,,‎3,"‎Laptop, Charging Adapter & User Manual",‎China,‎1 kg 700 g,‎16,‎1,,‎9.15 Inches,‎0.7 Inches,‎35.97 x 1.78 x 23.24 cm; 1.7 kg,‎5600 MHz,‎PCIE x 4,,,‎8.7 Hours,,,,,,,,,,,,,,,,,,,,,,,,,,,,,,,,,,,,,,,,,,,,,
laptop_21,.\images/laptop_21.jpg,laptop_21,"Dell 15 Thin & Light Laptop, Intel Core i5-1235U Processor/16GB DDR4 + 512GB SSD/Intel UHD Graphics/15.6"" (39.62cm) FHD Display/Win 11 + MSO'21/15 Month McAfee/Carbon Black/Spill Resistant KB/1.69kg","₹47,990.00",https://www.amazon.in/Dell-15-Processor-Antivirus-Spill-Resistant/dp/B0BQJ7WR2R/ref=sr_1_34,‎Dell,‎Dell India Pvt Ltd,‎Vostro,"‎16GB, Carbon Black",‎traditional laptop,‎15.6 Inches,‎1920*1080,‎1920x1080,,‎1 Lithium Ion batteries required. (included),‎Vostro 3520,‎Intel,‎Core i5,‎4.4 GHz,‎1,‎DDR4,‎DDR4 SDRAM,‎16 GB,‎512 GB,‎SSD,‎Speakers,,‎Intel UHD Graphics,‎Intel,‎Integrated,‎Shared,‎16 GB,‎Integrated,"‎Bluetooth, Wi-Fi","‎Bluetooth, 802.11ac",‎2,‎1,‎240 Volts,‎65 Watts,,‎Windows 11 Home,‎Yes,‎2.6 Watt Hours,‎4,"‎‎‎Laptop, Battery, AC Adapter, User Guide, Manuals",‎China,‎1 kg 690 g,‎16 GB,‎1,,‎22 Millimeters,‎35.8 Centimeters,‎23.5 x 35.8 x 2.2 cm; 1.69 kg,‎2666 MHz,‎Solid State,,,‎7 Hours,,,,,,,,,,,,,,,,,,,,,,,,,,,,,,,,,,,,,,,,,,,,,
laptop_22,.\images/laptop_22.jpg,laptop_22,"Acer One 11 Intel Celeron N4500 (Windows 11 Home/ 8 GB/ 256 GB SSD) 29.64 cm (11.6"") Anti Glare HD Laptop, Z8-284, 1.1 KG, Deep Blue","₹17,990.00",https://www.amazon.in/Acer-Celeron-Windows-Laptop-Z8-284/dp/B0CHRNQBCR/ref=sr_1_10,‎acer,‎Acer,,,‎Laptop,‎11.6 Inches,‎1366 x 768,‎1366 x 768 Pixels,‎31 x 22.4 x 8.4 cm; 1.1 kg,‎1 Lithium Ion batteries required. (included),‎Z8-284,‎Intel,‎Celeron,‎1.1 GHz,‎1,,‎DDR4 SDRAM,,‎256 GB,‎SSD,,,‎Intel UHD Graphics,,‎Integrated,‎SDRAM,‎8 GB,‎Integrated,,"‎802.11a/b/g/n/ac, Bluetooth",,,,,,‎Windows 11 Home,,,,,‎China,‎1 kg 100 g,‎8 GB,,,,,,,‎Solid State,,,,,,,,,,,‎Yes,‎Yes,,,‎5400 RPM,‎Z8-284,‎Z8-284,‎2023,‎256 GB,‎1,‎8 GB,‎DDR4,‎N4500,‎USB 3.1 Type C,"‎External displays, mice, keyboards, storage devices, printers, and other accessories that use USB, HDMI, or Bluetooth connections.",‎Webcam,‎Intel,"‎‎1U (contains Laptop 1N, Power cord 1N, Adapter 1N, User Manual 1N)",‎1,‎Webcam,‎LCD,‎LCD,‎Speakers,‎HDMI,‎8 Hours,‎Lithium Ion,‎7,‎2,‎LED-backlit,"‎Bluetooth, USB, HDMI",‎Keyboard,‎Yes,,,,,,
laptop_23,.\images/laptop_23.jpg,laptop_23,"Lenovo V15 Intel Core i7 12th Gen 15.6"" (39.62 cm) FHD (1920x1080) Antiglare 250 nits Thin and Light Laptop (16GB RAM/512GB SSD/Windows 11 Home/Iron Grey/1Y Onsite/1.7 kg), 82TT004VIH","₹48,390.00",https://www.amazon.in/Lenovo-1920x1080-Antiglare-Windows-82TTA08AIN/dp/B0CJTRM3QW/ref=sr_1_14,‎Lenovo,‎Lenovo,‎Lenovo V15,‎Iron Grey,‎Laptop,‎15.6 Inches,‎1920 x 1080 pixel,‎1920x1080,‎53.4 x 33.2 x 7.2 cm; 1.7 kg,‎1 Lithium Polymer batteries required. (included),‎82TTA08AIN,‎Intel,‎Core i7-1255U,‎1.7 GHz,‎1,‎DDR4,‎DDR4 SDRAM,‎16 GB,‎512 GB,‎SSD,"‎Headphones, Speakers",,‎Intel UHD Graphics 630,‎Intel,‎Integrated,‎Shared,,‎Integrated,"‎Bluetooth, Wi-Fi",‎802.11ac,,‎1,‎230 Volts,,‎No Optical Drive,‎Windows 11 Home,‎Yes,‎38 Watt Hours,‎2,"‎Laptop, User manual, Adapter",‎China,‎1 kg 700 g,‎16 GB,‎1,,,,,‎3200 MHz,,,,,,,,,,,,,,,,,,,,,,,,,,,,,,,,,,,,,,,,,,,,,,,,,
laptop_25,.\images/laptop_25.jpg,laptop_25,"Acer [SmartChoice Aspire Lite AMD Ryzen 5-5625U Premium Thin and Light Laptop (16 GB RAM/512 GB SSD/Windows 11 Home) AL15-41, 39.62 cm (15.6"") Full HD Display, Metal Body, Steel Gray, 1.59 KG","₹32,990.00",https://www.amazon.in/5-5625U-Premium-Windows-AL15-41-Display/dp/B0DG2GCTD7/ref=sr_1_24,‎acer,‎Acer,‎Aspire Lite,‎Gray,‎Ultra-Portable,‎15.6 Inches,‎1920 x 1080 pixels,‎1920 x 1080 Pixels,‎48.1 x 31.9 x 8.8 cm; 1.59 kg,‎1 Lithium Ion batteries required. (included),‎AL15-41,‎AMD,‎Ryzen 5,‎2.3 GHz,‎1,‎DDR4,‎DDR4 SDRAM,‎16 GB,‎512 GB,‎SSD,‎Speakers,,‎AMD Radeon Graphics,‎AMD,‎Integrated,‎DDR4 SDRAM,,‎Integrated,‎Wi-Fi,‎Bluetooth,‎2,‎1,‎240 Volts,‎45 Watts,,‎Windows 11 Home,‎Yes,‎36 Watt Hours,‎3,"‎‎1U (contains Laptop 1N, Power cord 1N, Adapter 1N, User Manual 1N)",‎China,‎1 kg 590 g,‎16 GB,‎2,‎3,,,,,‎Solid State,,,,,,,,,,,,,,,,,,,,,,,,,,,,,,,,,,,,,,,,,,,‎0.5 g,,,,,
laptop_26,.\images/laptop_26.jpg,laptop_26,"Lenovo V15 G4 AMD Ryzen 5 7520U 15.6 inch FHD Thin & Lite Laptop, AMD Graphics, 16GB DDR5 5500Mhz Ram, 512GB SSD NVMe, Windows 11, Dolby Audio, Arctic Grey, 1 Year Onsite Brand Warranty","₹34,990.00",https://www.amazon.in/Lenovo-Graphics-5500Mhz-Windows-Warranty/dp/B0F29HNJL1/ref=sr_1_6,‎Lenovo,‎Lenovo India Pvt Ltd,‎V15 G4 AMN,‎Gray,‎Laptop,‎15.6 Inches,‎1920 x 1080 pixel,‎1920x1080 (full hd) Pixels,,‎1 Lithium Ion batteries required. (included),‎83CQA00WIN,‎AMD,‎Ryzen 5,‎3.6 GHz,‎1,‎SO-DIMM,‎DDR5 RAM,‎16 GB,‎512 GB,‎SSD,‎Speakers,‎Dolby Sound 2.0,‎Integrated AMD Radeon™ 610M Graphics,‎AMD,‎Integrated,‎DDR5 SDRAM,,‎Integrated,"‎Standard Ports 2x USB 3.2 Gen 1 1x USB-C® 3.2 Gen 1 (support data transfer, Power Delivery (20V only) and DisplayPort™ 1.2) 1x HDMI® 1.4b 1x Headphone / microphone combo jack (3.5mm) 1x Ethernet (RJ-45) 1x Power connector, WLAN + Bluetooth Wi-Fi® 6, 802.11ax 2x2 + BT5.2",,‎1,,‎65 Kilovolts,,,‎Windows 11,‎Yes,‎1 Watt Hours,‎1,"‎Adaptor, Laptop, Power chord",,,,‎2,,,,,,‎Solid State,,,‎8.5 Hours,,,‎5.5 Hours,,,,,,,,,,,,,,,,,,,,,,,,,,,,,,,,,,,,,,,,,,
laptop_27,.\images/laptop_27.jpg,laptop_27,STRIFF Adjustable Laptop Tabletop Stand Patented Riser Ventilated Portable Foldable Compatible with MacBook Notebook Tablet Tray Desk Table Book with Free Phone Stand (Black),₹249.00,https://www.amazon.in/STRIFF-Adjustable-Patented-Ventilated-Compatible/dp/B07XCM6T4N/ref=sr_1_26,‎STRIFF,‎STRIFF,,,‎Table Stand,,,,,,‎Laptop Stand,,,,,,,,,,,,,,,,,,,,,,,,,,,,,,‎China,‎771 g,,,,,,‎12 x 10 x 8 cm; 771 g,,,,,,,,,,,,,‎No,‎No,,,,‎Laptop Stand,‎Laptop Stand,,,,,,,,"‎Laptop, Tablet, Smartphone",‎Flexible,,‎laptop stand with mobile stand,‎1,,,,,,,,,,,,,,,‎ABS,‎Tabletop,‎No,‎No,‎STRIFF
laptop_28,.\images/laptop_28.jpg,laptop_28,"Acer Aspire 3 Laptop Intel Core Celeron N4500 Processor Laptop (8 GB LPDDR4X SDRAM/256 GB SSD/Win11 Home/38 WHR/HD Webcam) A324-45 with 35.56 cm (14"") HD Display, Pure Silver, 1.3 KG","₹20,490.00",https://www.amazon.in/Acer-Celeron-Processor-LPDDR4X-A324-45/dp/B0D7PSYS6B/ref=sr_1_5,‎acer,‎Acer,‎Aspire 3,‎Silver,‎Laptop,‎14 Inches,‎1366 x 768,‎1366 x 768 Pixels,‎35.6 x 32.29 x 7.8 cm; 1 g,‎1 Lithium Ion batteries required. (included),‎A324-45,‎Intel,‎Celeron,‎1.1 GHz,‎1,‎LPDDR4X,‎SDRAM,‎8 GB,‎256 GB,‎SSD,‎Speakers,,‎Intel,‎Intel,‎Integrated,‎SDRAM,‎88 GB,‎Integrated,‎Wi-Fi,‎802.11a/b/g/n/ac,‎1,‎1,,,,‎Windows 11 Home,‎Yes,‎38 Watt Hours,‎2,"‎1U (contains Laptop 1N, Power cord 1N, Adapter 1N, User Manual 1N)",,‎1 g,‎8 GB,‎1,‎2,,,,,‎USB,,,,,,,,,,,,,,,,,,,,,,,,,,,,,,,,,,,,,,,,,,,,,,,,
laptop_29,.\images/laptop_29.jpg,laptop_29,"Acer Aspire Lite, AMD Ryzen 3 5300U Processor (8GB RAM, 512GB SSD) Full HD, 15.6""/39.62cm, Windows 11 Home, Steel Gray, 1.59 kg, AL15-41, Metal Body, Premium Thin and Light Laptop","₹26,990.00",https://www.amazon.in/Acer-Smartchoice-Premium-Windows-AL15-41/dp/B0CWTSF1TK/ref=sr_1_17,‎acer,‎Acer,‎Aspire Lite,‎Steel Gray,‎Ultra-Portable,‎15.6 Inches,‎1920 x 1080 pixels,‎1920 x 1080 Pixels,,‎1 Lithium Ion batteries required. (included),‎AL15-41,‎AMD,‎Ryzen 3 5300U,‎2.6 GHz,‎1,‎DDR4,‎DDR4 SDRAM,‎32 GB,‎512 GB,‎SSD,‎Speakers,,‎AMD Radeon Graphics,‎AMD,‎Integrated,‎DDR4 SDRAM,,‎Integrated,‎Wi-Fi,‎Bluetooth,‎2,‎1,,‎65 Watts,,‎Windows 11 Home,‎Yes,‎36 Watt Hours,‎3,"‎‎1U (contains Laptop 1N, Power cord 1N, Adapter 1N, User Manual 1N)",‎China,‎1 kg 600 g,‎8 GB,‎2,‎3,‎50.4 Centimeters,‎32.7 Centimeters,‎9.1 x 32.7 x 50.4 cm; 1.6 kg,,‎Solid State,,,‎7 Hours,,,,,,,,,,,,,,,,,,,,,,,,,,,,,,,,,,,,,,,,‎0.5 g,,,,,
laptop_30,.\images/laptop_30.jpg,laptop_30,"HP 255 Notebook, AMD Athlon Silver 7120U,8GB DDR4, 256GB SSD, 15.6-inch(39.6cm),Anti-Glare, HD Laptop, Radeon Graphics, (Win 11, Silver,1.52kg) G10","₹23,590.00",https://www.amazon.in/HP-Notebook-15-6-inch-Anti-Glare-Graphics/dp/B0DV984J97/ref=sr_1_8,‎HP,‎HP,‎HP Laptop,‎Silver,‎Netbook,‎39.6 Centimetres,‎1366 x 768 pixels,‎1366 x 768 Pixels,‎52 x 30.7 x 6.9 cm; 1.52 kg,‎1 Lithium Polymer batteries required. (included),‎B69V0PT#ACJ,‎AMD,‎Athlon,‎3.5 GHz,‎1,‎DDR4,‎DDR4 SDRAM,‎8 GB,‎256 GB,‎SSD,‎Speakers,,,‎AMD,‎Integrated,‎DDR4 SDRAM,,‎Integrated,,‎802.11ax,‎2,,,,,‎Windows 11 Home,‎Yes,‎41 Watt Hours,‎3,"‎Laptop, charger",‎China,‎1 kg 520 g,,,,,,,,,,,‎8 Hours,,,‎8 Hours,,,,,,,,,,,,,,,,,,,,,,,,,,,,,,,,,,,,,,,,,,
laptop_31,.\images/laptop_31.jpg,laptop_31,"Lenovo V14 G3, 12th Gen Intel Core i7-1255U Upto 4.70Ghz (16GB RAM/512GB SSD/Windows 11) 14.0"" FHD Display Thin and Light Laptop/Iron Grey /1.70 kg 1 Year Onsite Brand Warranty","₹44,999.00",https://www.amazon.in/Lenovo-i7-1255U-4-70Ghz-Windows-Warranty/dp/B0F32ZBDNJ/ref=sr_1_36,‎Lenovo,‎Lenovo India Private Limited,‎Lenovo V14 G3 IAP,‎Gray,‎laptop,‎14 Inches,,‎720,‎12 x 5 x 5 cm; 1.62 kg,‎1 9V batteries required. (included),,‎Intel,‎Core i7-1255U,‎1.7 GHz,‎1,‎DDR4,,‎16 GB,‎512 GB,‎SSD,,,‎Intel UHD Graphics,‎Intel,‎Integrated,‎DDR4 SDRAM,,‎Integrated,,,‎1,,,,,‎Windows 11,‎Yes,‎38 Watt Hours,‎3,"‎inbuilt battery, laptop",,‎1 kg 620 g,,‎2,,,,,,,,,‎4 Hours,,,,,,,,,,,,,,,,,,,,,,,,,,,,,,,,,,,,,,,,,,,,,
laptop_32,.\images/laptop_32.jpg,laptop_32,"ASUS VivoBook 15 (2022), Intel Core i3-1215U, 12th Gen, 8GB RAM, 512GB SSD, FHD, 15.6""/39.62cm, Windows 11, MS Office 2021, Icelight Silver, 1.7KG, X1502ZA-EJ322WS, Backlit KB Laptop","₹30,990.00",https://www.amazon.in/ASUS-VivoBook-Intel%C2%AECoreTM-i3-1215U-X1502ZA-EJ322WS/dp/B0BTVMBLZC/ref=sr_1_19,‎ASUS,‎ASUS,‎Vivobook 15,‎i3-12 | 8GB [Silver],‎Ultra-Portable,‎15.6 Inches,‎1920 x 1080 pixels,‎1920 x 1080 Pixels,,‎1 Lithium Ion batteries required. (included),‎X1502ZA-EJ322WS,‎Intel,‎Core i3-1215U,‎1.2 GHz,‎6,‎DDR4,‎SDRAM,‎16 GB,‎512 GB,‎SSD,"‎Headphones, Speakers","‎SonicMaster, Built-in speaker",‎Intel UHD Graphics,‎Intel,‎Integrated,‎Shared,‎8 GB,‎Integrated,"‎Bluetooth, Wi-Fi","‎Bluetooth, 802.11ax",‎3,‎1,‎19 Volts,‎45 Watts,‎No Optical Drive,‎Windows 11 Home,‎Yes,‎42 Watt Hours,‎3,"‎‎Laptop, User Manual, ø4.5 45W AC Adapter",‎China,‎1 kg 700 g,‎8 GB,‎1,,‎20 Millimeters,‎36 Centimeters,‎23.3 x 36 x 2 cm; 1.7 kg,‎3200 MHz,‎PCIE x 2,,‎PC,‎6 Hours,,‎720 Pixels,,,,,,,,,,,,,,,,,,,,,,,,,,,,,,,,,,,,,,,,,,,
laptop_33,.\images/laptop_33.jpg,laptop_33,"HP 255 G9 Ryzen 3 Dual Core AMD Ryzen 3 Processor 3250U - (8 GB/512 GB SSD/AMD Radeon Graphics) 9H237PT Thin and Light Laptop (15.6 inch, Black, 1.47 kg)","₹23,990.00",https://www.amazon.in/HP-255-G9-Ryzen-Processor/dp/B0DMSNR4GG/ref=sr_1_29,‎HP,‎HP,‎HP 255 G9,‎Black,‎Notebook,‎15.6 Inches,‎1366 x 768 pixels,‎1366 x 768 Pixels,‎52.29 x 30.4 x 7.2 cm; 1.5 kg,‎1 AAA batteries required. (included),‎255 G9,‎AMD,‎Ryzen 3 3250U,‎2.6 GHz,‎1,‎DDR4,‎DDR4 SDRAM,‎8 GB,‎512 GB,‎SSD,"‎Headphones, Speakers",‎Built in Dual Speakers,‎AMD Radeon Graphics,‎AMD,‎Integrated,‎DDR4 SDRAM,,‎Integrated,"‎Bluetooth, Wi-Fi",‎802.11n,‎1,‎1,,,,‎DOS,‎Yes,‎0.84 Watt Hours,‎3,‎charger,‎China,‎1 kg 500 g,,‎2,,,,,‎3.5 GHz,‎Solid State,,,‎4 Hours,‎1,,,,,,,,,,,‎7200,,,,,,,,,,,,,,,,,,,,,,,,,,,,,,,,,
laptop_34,.\images/laptop_34.jpg,laptop_34,"ASUS TUF Gaming A15, AMD Ryzen 7 7435HS Gaming Laptop(NVIDIA RTX 3050-4GB/60W TGP/16GB RAM/512GB SSD/FHD/15.6""/144Hz/RGB KB/48WHr/Windows 11//Graphite Black/2.30 Kg) FA506NCR-HN054W","₹64,990.00",https://www.amazon.in/ASUS-15-6-inch-GeForce-Graphite-FA506NCR-HN054W/dp/B0D5DFR78J/ref=sr_1_4,‎ASUS,‎ASUS,‎TUF Gaming F15,"‎Black, R7 | RTX 3050",‎Ultra-Portable,‎15.6 Inches,‎1920 x 1080 pixel,‎1920 x 1080 Pixels,,‎1 Lithium Ion batteries required. (included),‎FA506NCR-HN054W,‎AMD,‎AMD Ryzen 7,‎3.1 GHz,‎8,‎DDR5,‎DDR5 RAM,‎32 GB,‎512 GB,‎SSD,‎Headphones,‎DTS Software,‎NVIDIA GeForce RTX 3050,‎NVIDIA,‎Dedicated,‎GDDR6,‎4 GB,‎PCI Express,‎Wi-Fi,"‎Bluetooth, 802.11bgn",,‎1,‎240 Volts,,‎No Optical Storage,‎Windows 11 Home,‎Yes,‎48 Watt Hours,‎3,"‎Laptop, Adapter & User Manuals",‎China,‎2 kg 300 g,‎16,,,‎43.2 Centimeters,‎31 Centimeters,‎10.4 x 31 x 43.2 cm; 2.3 kg,,,,,‎3 Hours,,,,,,,,,,,,,,,,,,,,,,,,,,,,,,,,,,,,,,,,,,,,,
laptop_35,.\images/laptop_35.jpg,laptop_35,"HP 255 G9 Ryzen 3 Dual Core AMD Ryzen 3 Processor 3250U - (8 GB/512 GB SSD/AMD Radeon Graphics) 9H237PT Thin and Light Laptop (15.6 inch, Black, 1.47 kg)","₹23,990.00",https://www.amazon.in/HP-255-G9-Ryzen-Processor/dp/B0DMSNR4GG/ref=sr_1_24,‎HP,‎HP,‎HP 255 G9,‎Black,‎Notebook,‎15.6 Inches,‎1366 x 768 pixels,‎1366 x 768 Pixels,‎52.29 x 30.4 x 7.2 cm; 1.5 kg,‎1 AAA batteries required. (included),‎255 G9,‎AMD,‎Ryzen 3 3250U,‎2.6 GHz,‎1,‎DDR4,‎DDR4 SDRAM,‎8 GB,‎3.5 GHz,‎512 GB,‎SSD,‎Solid State,‎7200,"‎Headphones, Speakers",‎Built in Dual Speakers,‎AMD Radeon Graphics,‎AMD,‎Integrated,‎DDR4 SDRAM,‎Integrated,"‎Bluetooth, Wi-Fi",‎802.11n,‎2,‎1,‎1,‎1,‎DOS,‎4 Hours,‎Yes,‎0.84 Watt Hours,‎3,‎charger,‎China,‎1 kg 500 g,,,,,,,,,,,,,,,,,,,,,,,,,,,,,,,,,,,,,,,,,,,,,,,,,,,,,,
laptop_36,.\images/laptop_36.jpg,laptop_36,"Lenovo V14 G3 14"" FHD Laptop, Intel Core i5-1235U, 16GB DDR4 RAM, 512GB SSD, Intel Iris Xe Graphics, Windows 11, Ms-Office Lifetime Validity, Iron Grey,1.6kg, 1 Year Onsite Brand Warranty","₹40,990.00",https://www.amazon.in/Lenovo-V14-G3-i5-1235U-Ms-Office/dp/B0F4XH5MVJ/ref=sr_1_34,‎Lenovo,‎Lenovo,‎82TS00PDLN,‎Iron Grey,‎Notebook,‎14 Inches,‎1920 x 1080 pixels,‎1920 x 1080 Pixels,‎51.7 x 32 x 8.6 cm; 1.6 kg,‎1 12V batteries required. (included),‎V14 G3,‎Intel,‎Core i5,‎1.7 GHz,‎1,‎DDR4,‎DDR4 SDRAM,‎16 GB,‎3200 GHz,‎512 GB,‎SSD,‎Solid State,,‎Speakers,,‎Intel Iris Xe Graphics,‎Intel,‎Integrated,‎DDR4 SDRAM,‎Integrated,"‎Bluetooth, Wi-Fi","‎Bluetooth, 802.11ax",‎2,‎2,‎1,‎1,‎Windows 11 Home,,‎Yes,‎65 Kilowatt Hours,‎2,‎ADAPTOR,‎India,‎1 kg 600 g,‎BD-ROM,‎2 MP,,,,,,,,,,,,,,,,,,,,,,,,,,,,,,,,,,,,,,,,,,,,,,,,,,,,
laptop_38,.\images/laptop_38.jpg,laptop_38,"DELL 14 (2025) Intel Core i3 12th Gen 1215U - (16 GB/512 GB SSD/Intel UHD Graphics/Windows 11 Pro) Thin and Light Business Laptop/14.0"" HD Display/Grey/1.5 kg/MS Office 2021","₹33,940.00",https://www.amazon.in/DELL-14-Intel-Core-1215U/dp/B00BVG75DW/ref=sr_1_30,‎Dell,‎DELL,‎Latitude 14,‎Grey,‎Laptop,‎13.3 Inches,‎1366 x 768 pixels,‎1366 x 768 Pixels,‎41.58 x 32.3 x 12.32 cm; 1.5 kg,‎1 12V batteries required. (included),‎Dell 14,‎Intel,‎Core i3-1215U,‎4.4 GHz,‎6,‎DDR4,‎DDR4 SDRAM,‎16 GB,‎4.4 GHz,‎512 GB,‎SSD,‎Solid State,‎7200 RPM,"‎Headphones, Speakers",‎Built in Dual Speakers,‎Intel UHD Graphics,‎Intel,‎Integrated,‎Shared,‎Integrated,"‎Bluetooth, Wi-Fi","‎Bluetooth, 802.11ax",,‎3,‎1,‎1,‎Windows 11 Pro,‎6 Hours,‎Yes,‎42 Watt Hours,‎3,"‎LAPTOP, POWER ADAPTER, USER GUIDE",‎China,‎1 kg 500 g,,,‎4 GB,‎240 Volts,,,,,,,,,,,,,,,,,,,,,,,,,,,,,,,,,,,,,,,,,,,,,,,,,,
laptop_39,.\images/laptop_39.jpg,laptop_39,"Lenovo V14 G3, 12th Gen Intel Core i7-1255U Upto 4.70Ghz (16GB RAM/512GB SSD/Windows 11) 14.0"" FHD Display Thin and Light Laptop/Iron Grey /1.70 kg 1 Year Onsite Brand Warranty","₹44,999.00",https://www.amazon.in/Lenovo-i7-1255U-4-70Ghz-Windows-Warranty/dp/B0F32ZBDNJ/ref=sr_1_35,‎Lenovo,‎Lenovo India Private Limited,‎Lenovo V14 G3 IAP,‎Gray,‎laptop,‎14 Inches,,‎720,‎12 x 5 x 5 cm; 1.62 kg,‎1 9V batteries required. (included),,‎Intel,‎Core i7-1255U,‎1.7 GHz,‎1,‎DDR4,,‎16 GB,,‎512 GB,‎SSD,,,,,‎Intel UHD Graphics,‎Intel,‎Integrated,‎DDR4 SDRAM,‎Integrated,,,‎2,‎1,,,‎Windows 11,‎4 Hours,‎Yes,‎38 Watt Hours,‎3,"‎inbuilt battery, laptop",,‎1 kg 620 g,,,,,,,,,,,,,,,,,,,,,,,,,,,,,,,,,,,,,,,,,,,,,,,,,,,,,,
laptop_40,.\images/laptop_40.jpg,laptop_40,"Acer One 11 Intel Celeron N4500 (Windows 11 Home/ 8 GB/ 256 GB SSD) 29.64 cm (11.6"") Anti Glare HD Laptop, Z8-284, 1.1 KG, Deep Blue","₹17,990.00",https://www.amazon.in/Acer-Celeron-Windows-Laptop-Z8-284/dp/B0CHRNQBCR/ref=sr_1_10,‎acer,‎Acer,,,‎Laptop,‎11.6 Inches,‎1366 x 768,‎1366 x 768 Pixels,‎31 x 22.4 x 8.4 cm; 1.1 kg,‎1 Lithium Ion batteries required. (included),‎Z8-284,‎Intel,‎Celeron,‎1.1 GHz,‎1,,‎DDR4 SDRAM,,,‎256 GB,‎SSD,‎Solid State,‎5400 RPM,,,‎Intel UHD Graphics,,‎Integrated,‎SDRAM,‎Integrated,,"‎802.11a/b/g/n/ac, Bluetooth",,,,,‎Windows 11 Home,,,,,,‎China,‎1 kg 100 g,,,‎8 GB,,‎Z8-284,‎Z8-284,‎2023,‎256 GB,‎1,‎8 GB,‎DDR4,‎N4500,‎USB 3.1 Type C,‎8 GB,"‎External displays, mice, keyboards, storage devices, printers, and other accessories that use USB, HDMI, or Bluetooth connections.",‎Webcam,‎Intel,"‎‎1U (contains Laptop 1N, Power cord 1N, Adapter 1N, User Manual 1N)",‎1,‎Webcam,‎LCD,‎LCD,‎Speakers,‎HDMI,‎8 Hours,‎Yes,‎Yes,‎Lithium Ion,‎7,‎2,‎LED-backlit,"‎Bluetooth, USB, HDMI",‎Keyboard,‎Yes,,,,,,,,,,,,,,,,,,,,
laptop_41,.\images/laptop_41.jpg,laptop_41,"Primebook S 4G, 2025(New, WiFi+4G) Android Based MediaTek MT8788 - (PrimeOS) 4G SIM Slot, Thin and Light Laptop (11.6 Inch, 1.065 Kg, Type C, USB, HDMI, MicroSD) (4GB/128GB eMMC Storage, Black)","₹16,490.00",https://www.amazon.in/Primebook-4G-Android-MediaTek-MT8788/dp/B0D1Y359QD/ref=sr_1_20,‎Primebook,‎VVDN Technologies Private Limited,‎Primebook S 4G,‎Black,‎Laptop,‎11.6 Inches,‎1920 x 1080 pixel,‎1366 x 768 Pixels,‎32.7 x 23.5 x 8.7 cm; 1.1 kg,‎1 9V batteries required.,‎Primebook S 4G,‎MediaTek,‎MediaTek MT8183,‎2 GHz,‎1,‎LPDDR4,‎DDR4 SDRAM,‎4 GB,‎1886 MHz,‎128 GB,‎Emmc,‎Serial ATA,,‎Speakers,‎Built-in Stereo Speakers,‎Mali-G72,‎MediaTek,‎Integrated,‎DDR4 SDRAM,‎Integrated,‎Wi-Fi,‎802.11ac,‎2,,‎1,,‎PrimeOS,,,‎29.6 Watt Hours,‎2,"‎User Manual, Primebook Laptopp, Type C Charger",‎India,‎1 kg 100 g,,‎2 MP,‎4,‎3.6 Volts,,,,,,,,,,‎44 GB,,,,,,,,,,,,,,,,,,,,,‎2 MP,‎Laptop,,,,,,,,,,,,,,,,,,
laptop_42,.\images/laptop_42.jpg,laptop_42,"Acer Aspire 3, Intel Core Celeron N4500, 8GB LPDDR4X, 512GB SSD, HD, 14""/35.56cm, Windows 11 Home, Pure Silver, 1.3KG, A324-45, HD Webcam, 38 WHR Laptop","₹21,990.00",https://www.amazon.in/Acer-Celeron-Processor-LPDDR4X-A324-45/dp/B0D7PSTHRD/ref=sr_1_22,‎acer,‎Acer,‎Aspire 3,‎Silver,‎Laptop,‎14 Inches,‎1366 x 768,‎1366 x 768 Pixels,‎35.5 x 30.2 x 7.6 cm; 1 g,‎1 Lithium Ion batteries required. (included),‎A324-45,‎Intel,‎Celeron,‎1.1 GHz,‎1,‎LPDDR4X,‎SDRAM,‎8 GB,,‎512 GB,‎SSD,,,‎Speakers,,,‎Intel,‎Integrated,‎SDRAM,‎Integrated,‎Wi-Fi,‎802.11a/b/g/n/ac,‎1,‎1,‎1,,‎Windows 11 Home,,‎Yes,‎38 Watt Hours,‎2,"‎1U (contains Laptop 1N, Power cord 1N, Adapter 1N, User Manual 1N)",,‎1 g,,,‎8 GB,,,,,,,,,,,,,,,,,,,,,,,,,,,,,,,,,,‎2,,,,,,,,,,,,,,,,,
laptop_43,.\images/laptop_43.jpg,laptop_43,"Lenovo V15 AMD Ryzen 3 7320U 15.6"" (39.62cm) FHD 250 Nits Antiglare Thin and Light Laptop (8GB/512GB SSD/Windows 11 Home/Arctic Grey/1.63 Kg), 83CQ000XIN","₹28,490.00",https://www.amazon.in/Lenovo-39-62cm-Antiglare-Windows-83CQ000XIN/dp/B0DVGQPW13/ref=sr_1_15,‎Lenovo,‎Lenovo,‎Lenovo V15 G4,‎Arctic Grey,‎laptop,‎15.6 Inches,,‎1920x1080,‎48.6 x 30.6 x 6.8 cm; 1.63 kg,‎1 AAA batteries required. (included),,‎AMD,‎Ryzen 3,‎2.4 GHz,‎1,‎Lpddr 5,,‎8 GB,,,‎SSD,,,,,,‎AMD,‎Integrated,‎Shared,‎Integrated,,,,,,,‎Windows 11 Home,,‎Yes,‎38 Watt Hours,‎2,"‎Laptop, User manual, Adapter",‎China,‎1 kg 630 g,‎No Optical Drive,,,,,,,,,,,,,,,,,,,,,,,,,,,,,,,,,,,,,,,,,,,,,,,,,,,,,
laptop_44,.\images/laptop_44.jpg,laptop_44,"ASUS TUF Gaming A15, 15.6"" (39.62cm) FHD 16:9 144Hz, AMD Ryzen 7 7435HS, Gaming Laptop (16 DDR5/512GB SSD/NVIDIA GeForce RTX 2050/Windows 11 Home/Graphite Black/2.30 Kg), FA506NFR-HN045W","₹56,990.00",https://www.amazon.in/ASUS-Gaming-15-6-39-62cm-FA506NFR-HN045W/dp/B0CDQ5CW9V/ref=sr_1_6,‎ASUS,‎ASUS,‎TUF Gaming,"‎Graphite Black, R7 | RTX 2050",‎gaming,‎15.6 Inches,‎1920 x 1080 pixel,‎1920 x 1080 Pixels,,‎1 Lithium Ion batteries required. (included),‎ASUS Vivobook 15 Laptop,‎AMD,‎AMD Ryzen 7,‎3.1 GHz,‎10,‎DDR5,‎DDR4 SDRAM,‎32 GB,‎5600 MHz,‎512 GB,‎SSD,‎PCIE x 4,,"‎Headphones, Speakers",,‎NVIDIA GeForce RTX 2050,‎NVIDIA,‎Dedicated,‎GDDR6,‎Integrated,‎Wi-Fi,"‎Bluetooth, 802.11ac",‎1,,‎1,,‎Windows 11 Home,‎8.7 Hours,‎Yes,,‎3,"‎Laptop, Charging Adapter & User Manual",‎China,‎1 kg 700 g,‎No Optical Storage,,‎16,,,,,,,,,,,‎4 GB,,,,,,,,,,,,,,,,,,,,,,,,‎9.15 Inches,‎0.7 Inches,‎35.97 x 1.78 x 23.24 cm; 1.7 kg,‎70 Watts,,,,,,,,,,,,,
laptop_45,.\images/laptop_45.jpg,laptop_45,"HP Smartchoice Omen, AMD Ryzen 9 7940HS, 8GB RTX 4070 AI-Powered Gaming Laptop (16GB DDR5, 1TB SSD) 165Hz, IPS, 300 nits, 16.1/40.9cm, FHD, Black, 2.38kg, RGB Backlit KB, B&O, xf0100AX","₹1,39,990.00",https://www.amazon.in/HP-AI-Powered-16-1-inch-Backlit-xf0100AX/dp/B0D1BT9SXF/ref=sr_1_36,‎HP,‎HP,‎HP Laptop,‎Black,‎Ultra-Portable,‎40.9 Centimetres,‎1920 x 1080 pixel,‎1920 x 1080,,‎1 Lithium Polymer batteries required. (included),‎A17KGPA,‎AMD,‎Ryzen 9,‎5.2 GHz,‎1,‎DDR5,‎DDR5 RAM,‎16 GB,,‎1 TB,‎SSD,‎Solid State,,,,‎NVIDIA GeForce RTX 4070,‎AMD,‎Dedicated,‎GDDR6,‎Integrated,‎Bluetooth,‎Bluetooth,,,‎1,,‎Windows 11 Home,‎6 Hours,‎Yes,‎83 Watt Hours,‎6,"‎Laptop, Charger, User Manual",‎China,‎4 kg 380 g,,,‎16,,,,,,,,,,,‎8 GB,,,,,,,,,,,,,,,,,,,,,,,,‎59.7 Centimeters,‎34.4 Centimeters,‎6.9 x 34.4 x 59.7 cm; 4.38 kg,‎83 Watts,,,,,,,,,,,,,
laptop_46,.\images/laptop_46.jpg,laptop_46,"ASUS VivoBook 15 (2022), Intel Core i3-1215U, 12th Gen, 8GB RAM, 512GB SSD, FHD, 15.6""/39.62cm, Windows 11, MS Office 2021, Icelight Silver, 1.7KG, X1502ZA-EJ322WS, Backlit KB Laptop","₹30,990.00",https://www.amazon.in/ASUS-VivoBook-Intel%C2%AECoreTM-i3-1215U-X1502ZA-EJ322WS/dp/B0BTVMBLZC/ref=sr_1_20,‎ASUS,‎ASUS,‎Vivobook 15,‎i3-12 | 8GB [Silver],‎Ultra-Portable,‎15.6 Inches,‎1920 x 1080 pixels,‎1920 x 1080 Pixels,,‎1 Lithium Ion batteries required. (included),‎X1502ZA-EJ322WS,‎Intel,‎Core i3-1215U,‎1.2 GHz,‎6,‎DDR4,‎SDRAM,‎16 GB,‎3200 MHz,‎512 GB,‎SSD,‎PCIE x 2,,"‎Headphones, Speakers","‎SonicMaster, Built-in speaker",‎Intel UHD Graphics,‎Intel,‎Integrated,‎Shared,‎Integrated,"‎Bluetooth, Wi-Fi","‎Bluetooth, 802.11ax",‎1,‎3,‎1,,‎Windows 11 Home,‎6 Hours,‎Yes,‎42 Watt Hours,‎3,"‎‎Laptop, User Manual, ø4.5 45W AC Adapter",‎China,‎1 kg 700 g,‎No Optical Drive,‎720 Pixels,‎8 GB,‎19 Volts,,,,,,,,,,‎8 GB,,,,,,,,,,,,,,,,,,,,,,‎PC,,‎20 Millimeters,‎36 Centimeters,‎23.3 x 36 x 2 cm; 1.7 kg,‎45 Watts,,,,,,,,,,,,,
laptop_47,.\images/laptop_47.jpg,laptop_47,"Dell Inspiron 3530 Laptop, 13th Gen Intel Core i5-1334U Processor, 16GB, 512GB SSD, 15.6""(39.62cm) FHD 120Hz 250 nits, Backlit KB, Windows 11 + MSO'24 & 15 Month McAfee, Silver, Thin & Light- 1.62kg","₹57,528.00",https://www.amazon.in/Dell-Inspiron-i5-1334U-Processor-39-62cm/dp/B0D2Y1BLDT/ref=sr_1_19,‎Dell,‎Dell India Pvt Ltd,‎Inspiron,‎Silver,‎Laptop,‎15.6 Inches,‎1920 x 1080 pixel,‎1920 x 1080 Pixels,,‎1 Lithium Ion batteries required. (included),‎Inspiron 3530,‎Intel,‎Core i5,‎4.6 GHz,‎1,‎DDR4,‎DDR4 SDRAM,‎16 GB,,‎512 GB,‎SSD,,,‎Speakers,,‎Intel UHD Graphics,‎Intel,‎Integrated,‎Shared,‎Integrated,‎Wi-Fi,‎802.11bgn,‎1,‎2,‎1,,‎Windows 11 Home,‎7 Hours,‎Yes,‎41 Watt Hours,‎3,"‎‎‎Laptop, Battery, AC Adapter, User Guide, Manuals",‎China,‎1 kg 620 g,,,,,,,,,,,,,,,,,,,,,,,,,,,,,,,,,,,,,,‎45.9 Centimeters,‎35.4 Centimeters,‎7.2 x 35.4 x 45.9 cm; 1.62 kg,,,,,,,,,,,,,,
laptop_48,.\images/laptop_48.jpg,laptop_48,"Lenovo IdeaPad 3, Intel Core i3-1215U, 12th Gen, 8GB RAM, 512GB SSD, FHD, 14""/35.5cm, Windows 11, MSOffice 2021, Arctic Grey, 1.43Kg, 82RJ00FUIN, 1 Year Warranty, 3months Game Pass, Thin& Light Laptop","₹34,990.00",https://www.amazon.in/Lenovo-IdeaPad-i3-1215U-Warranty-82RJ00FUIN/dp/B0DFH99H7X/ref=sr_1_14,‎Lenovo,‎Lenovo,‎IdeaPad,‎i3-12th | Office 21,‎Thin & Light,‎14 Inches,‎1920 x 1080 pixel,‎1920X1080 Pixels,‎48.2 x 29.8 x 7.4 cm; 1.43 kg,‎1 Lithium Polymer batteries required. (included),‎14IAU7,‎Intel,‎Core i3,‎1.2 GHz,‎6,‎DDR4,‎DDR4 SDRAM,‎16 GB,,‎512 GB,‎SSD,‎Solid State,,"‎Headphones, Speakers","‎Stereo speakers, 1.5W x2, Dolby Audio",‎Intel UHD Graphics,‎Intel,‎Integrated,‎DDR4 SDRAM,‎Integrated,"‎Bluetooth, Wi-Fi",‎Bluetooth,‎1,‎2,‎1,,"‎Windows 11 Home 64, English",‎7 Hours,‎Yes,‎38 Watt Hours,‎3,"‎Laptop, User Manual, Power Adapter",‎China,‎1 kg 430 g,‎No Optical Drive,,‎8 GB,,,,,,,,,,,,,,,,,,,,,,,,,,,,,,,,,,,,,,‎1.5 Watts,‎5 Hours,,,,,,,,,,,,
laptop_49,.\images/laptop_49.jpg,laptop_49,"HP 15, AMD Ryzen 3 7320U Laptop (8GB LPDDR5, 512GB SSD) Anti-Glare, Micro-Edge, 15.6""/39.6cm,FHD, Win 11, Silver, 1.59kg, AMD Radeon Graphics, 1080p HD Camera, fc0154AU","₹30,790.00",https://www.amazon.in/HP-Laptop-15-6-inch-Graphics-fc0154AU/dp/B0D3HG5CMG/ref=sr_1_18,‎HP,‎HP,‎HP Laptop,‎Light Silver,‎Ultra-Portable,‎39.6 Centimetres,‎1366 x 768 pixel,‎1920 x 1080 Pixels,‎52.1 x 31 x 6.9 cm; 1.59 kg,‎1 Lithium Ion batteries required. (included),‎9D3M8PA,‎AMD,‎Ryzen 3,‎4.1 GHz,‎1,‎DDR5,‎DDR5 RAM,‎8 GB,‎5500 MHz,‎512 GB,‎Solid State Hard Drive,,,‎Speakers,,,‎AMD,‎Integrated,‎VRAM,‎Integrated,‎Bluetooth,‎Bluetooth,‎2,‎1,,,‎Windows,‎10.5 Hours,‎Yes,‎41 Watt Hours,‎3,"‎Laptop, charger",‎India,‎1 kg 590 g,,,,‎11.1 Volts,,,,,,,,,,‎8 GB,,,,,,,,,,,,,,,,,,,,,,,,,,,,,,,,,,,,,,,,
laptop_50,.\images/laptop_50.jpg,laptop_50,"Acer Aspire 3 Laptop Intel Core Celeron N4500 Processor Laptop (8 GB LPDDR4X SDRAM/256 GB SSD/Win11 Home/38 WHR/HD Webcam) A324-45 with 35.56 cm (14"") HD Display, Pure Silver, 1.3 KG","₹20,490.00",https://www.amazon.in/Acer-Celeron-Processor-LPDDR4X-A324-45/dp/B0D7PSYS6B/ref=sr_1_5,‎acer,‎Acer,‎Aspire 3,‎Silver,‎Laptop,‎14 Inches,‎1366 x 768,‎1366 x 768 Pixels,‎35.6 x 32.29 x 7.8 cm; 1 g,‎1 Lithium Ion batteries required. (included),‎A324-45,‎Intel,‎Celeron,‎1.1 GHz,‎1,‎LPDDR4X,‎SDRAM,‎8 GB,,‎256 GB,‎SSD,‎USB,,‎Speakers,,‎Intel,‎Intel,‎Integrated,‎SDRAM,‎Integrated,‎Wi-Fi,‎802.11a/b/g/n/ac,‎1,‎1,‎1,,‎Windows 11 Home,,‎Yes,‎38 Watt Hours,‎2,"‎1U (contains Laptop 1N, Power cord 1N, Adapter 1N, User Manual 1N)",,‎1 g,,,‎8 GB,,,,,,,,,,,‎88 GB,,,,,,,,,,,,,,,,,,,,,,,‎2,,,,,,,,,,,,,,,,,
laptop_51,.\images/laptop_51.jpg,laptop_51,"Acer Aspire Lite, AMD Ryzen 3 5300U Processor (8GB RAM, 512GB SSD) Full HD, 15.6""/39.62cm, Windows 11 Home, Steel Gray, 1.59 kg, AL15-41, Metal Body, Premium Thin and Light Laptop","₹26,990.00",https://www.amazon.in/Acer-Smartchoice-Premium-Windows-AL15-41/dp/B0CWTSF1TK/ref=sr_1_17,‎acer,‎Acer,‎Aspire Lite,‎Steel Gray,‎Ultra-Portable,‎15.6 Inches,‎1920 x 1080 pixels,‎1920 x 1080 Pixels,,‎1 Lithium Ion batteries required. (included),‎AL15-41,‎AMD,‎Ryzen 3 5300U,‎2.6 GHz,‎1,‎DDR4,‎DDR4 SDRAM,‎32 GB,,‎512 GB,‎SSD,‎Solid State,,‎Speakers,,‎AMD Radeon Graphics,‎AMD,‎Integrated,‎DDR4 SDRAM,‎Integrated,‎Wi-Fi,‎Bluetooth,‎2,‎2,‎1,,‎Windows 11 Home,‎7 Hours,‎Yes,‎36 Watt Hours,‎3,"‎‎1U (contains Laptop 1N, Power cord 1N, Adapter 1N, User Manual 1N)",‎China,‎1 kg 600 g,,,‎8 GB,,,,,,,,,,,,,,,,,,,,,,,,,,,,,,,,,,‎3,‎50.4 Centimeters,‎32.7 Centimeters,‎9.1 x 32.7 x 50.4 cm; 1.6 kg,‎65 Watts,,‎0.5 g,,,,,,,,,,,
laptop_52,.\images/laptop_52.jpg,laptop_52,"Apple MacBook Air Laptop: Apple M1 chip, 13.3-inch/33.74 cm Retina Display, 8GB RAM, 256GB SSD Storage, Backlit Keyboard, FaceTime HD Camera, Touch ID. Works with iPhone/iPad; Space Grey","₹59,990.00",https://www.amazon.in/Apple-MacBook-Chip-13-inch-256GB/dp/B08N5W4NNB/ref=sr_1_9,‎Apple,‎Apple,‎MacBook Air,‎Space Grey,‎Notebook,‎13 Inches,‎2560 x 1600 pixel,,,‎1 Lithium Ion batteries required. (included),‎MGN63HN/A,‎Apple,‎Core M Family,‎3.1 GHz,‎8,‎DDR3,,‎16 GB,,‎256 GB,‎SSD,‎eSATA,,‎Speakers,,,‎Apple,‎Integrated,‎DDR3 SDRAM,‎Integrated,‎Wi-Fi,,‎4,‎4,,,‎macOS 10.14 Mojave,‎18 Hours,‎Yes,‎49.9 Watt Hours,‎3,"‎MacBook Air, USB-C Charge Cable (2 m), 30W USB-C Power Adapter",‎China,‎2 kg 80 g,‎No Optical Drive,,‎8 GB,‎28 Volts,,,,,,,,,,,,,,,,,,,,,,,,,,,,,,,,‎Mac,,‎23.1 Centimeters,‎7.3 Centimeters,‎32.4 x 7.3 x 23.1 cm; 2.08 kg,,‎18 Hours,,‎Battery Powered,,,,,,,,,,
laptop_53,.\images/laptop_53.jpg,laptop_53,"ASUS TUF Gaming A15, AMD Ryzen 7 7435HS Gaming Laptop(NVIDIA RTX 3050-4GB/60W TGP/16GB RAM/512GB SSD/FHD/15.6""/144Hz/RGB KB/48WHr/Windows 11//Graphite Black/2.30 Kg) FA506NCR-HN054W","₹64,990.00",https://www.amazon.in/ASUS-15-6-inch-GeForce-Graphite-FA506NCR-HN054W/dp/B0D5DFR78J/ref=sr_1_4,‎ASUS,‎ASUS,‎TUF Gaming F15,"‎Black, R7 | RTX 3050",‎Ultra-Portable,‎15.6 Inches,‎1920 x 1080 pixel,‎1920 x 1080 Pixels,,‎1 Lithium Ion batteries required. (included),‎FA506NCR-HN054W,‎AMD,‎AMD Ryzen 7,‎3.1 GHz,‎8,‎DDR5,‎DDR5 RAM,‎32 GB,,‎512 GB,‎SSD,,,‎Headphones,‎DTS Software,‎NVIDIA GeForce RTX 3050,‎NVIDIA,‎Dedicated,‎GDDR6,‎PCI Express,‎Wi-Fi,"‎Bluetooth, 802.11bgn",,,‎1,,‎Windows 11 Home,‎3 Hours,‎Yes,‎48 Watt Hours,‎3,"‎Laptop, Adapter & User Manuals",‎China,‎2 kg 300 g,‎No Optical Storage,,‎16,‎240 Volts,,,,,,,,,,‎4 GB,,,,,,,,,,,,,,,,,,,,,,,,‎43.2 Centimeters,‎31 Centimeters,‎10.4 x 31 x 43.2 cm; 2.3 kg,,,,,,,,,,,,,,
laptop_54,.\images/laptop_54.jpg,laptop_54,"HP 15 AMD Ryzen 3 7320U (8GB LPDDDR5 Ram/512GB NVMe M.2 SSD/Anti Glare, Micro Edge/15.6"" (39.6 Cm) FHD/Backlit Keyboard/Win11 Home+MS Office'21/ AMD Radeon Graphics, HD Camera/1.59Kg/Silver) Fc0026AU","₹30,780.00",https://www.amazon.in/HP-Backlit-Keyboard-Windows-Fc0026Au/dp/B0C3RCR4K7/ref=sr_1_16,‎HP,‎HP,‎HP Laptop,"‎Natural Silver, R3-7320u",‎Standard Laptop,‎15.6 Inches,‎1920 x 1080 pixels,‎1920 x 1080 Pixels,,‎1 Lithium Ion batteries required. (included),‎15-fc0026AU,‎AMD,‎Ryzen 3,‎4.1 GHz,‎1,‎Lpddr 5,‎DDR5 RAM,‎8 GB,‎3200 GHz,‎512 GB,‎SSD,‎USB-C,,"‎Headphones, Speakers",‎Dual speakers,‎AMD Radeon,‎AMD,‎Integrated,‎VRAM,‎Integrated,"‎Bluetooth, Wi-Fi",‎Bluetooth,,‎2,‎1,,‎Windows 11 Home,‎11 Hours,‎Yes,‎41 Watt Hours,‎3,"‎Laptop, Power Adapter, User Manual",,‎1 kg 600 g,,,‎8 GB,‎45 Volts,,,,,,,,,,‎8 GB,,,,,,,,,,,,,,,,,,,,,,‎PC,,‎52.3 Centimeters,‎7.2 Centimeters,‎52.3 x 7.2 x 52.3 cm; 1.6 kg,,,,‎ac,,,,,,,,,,
laptop_55,.\images/laptop_55.jpg,laptop_55,"Lenovo LOQ 2024, AMD Ryzen 5 7235HS, NVIDIA RTX 3050-6GB, 12GB RAM, 512GB SSD, FHD IPS 144Hz 300Nits, 15.6""/39.6cm, Windows 11, MS Office 21, Grey, 2.4Kg, 83JC0031IN, 3 Mon. Game Pass Gaming Laptop","₹60,990.00",https://www.amazon.in/Lenovo-7235HS-300Nits-Graphics-83JC0031IN/dp/B0D7VMYDJY/ref=sr_1_25,‎Lenovo,‎Lenovo,‎LOQ,‎Luna Grey,‎Gaming Laptop,‎15.6,‎1920 x 1080 pixel,‎1920x1080,‎54.1 x 35.79 x 8.8 cm; 2.38 kg,‎1 P76 batteries required. (included),‎15ARP9,‎AMD,‎Ryzen 5,‎3.2 GHz,‎4,‎DDR5,‎DDR5 RAM,‎32 GB,,‎512 GB,‎SSD,,,"‎Headphones, Speakers",‎2 x 2W speakers with Nahimic Audio & Sound Tracker,‎NVIDIA GeForce RTX 3050,‎NVIDIA,‎Dedicated,‎GDDR6,‎PCI Express,"‎Bluetooth, Wi-Fi",‎802.11ax,,‎4,‎1,,‎Windows 11,,‎Yes,‎60 Watt Hours,‎4,"‎Laptop,Power Adapter,User Guide,,,,,,,,,,,,,,,,,",‎China,‎2 kg 380 g,‎Not Available,,,‎10.8 Volts,,,,,,,,,,‎6 GB,,,,,,,,,,,,,,,,,,,,,,,,,,,‎10 Watts,,,,,,,,,,,,,
laptop_56,.\images/laptop_56.jpg,laptop_56,"Lenovo V15 G4 AMD Ryzen 5 7520U 15.6 inch FHD Thin & Lite Laptop, AMD Graphics, 16GB DDR5 5500Mhz Ram, 512GB SSD NVMe, Windows 11, Dolby Audio, Arctic Grey, 1 Year Onsite Brand Warranty","₹34,990.00",https://www.amazon.in/Lenovo-Graphics-5500Mhz-Windows-Warranty/dp/B0F29HNJL1/ref=sr_1_7,‎Lenovo,‎Lenovo India Pvt Ltd,‎V15 G4 AMN,‎Gray,‎Laptop,‎15.6 Inches,‎1920 x 1080 pixel,‎1920x1080 (full hd) Pixels,,‎1 Lithium Ion batteries required. (included),‎83CQA00WIN,‎AMD,‎Ryzen 5,‎3.6 GHz,‎1,‎SO-DIMM,‎DDR5 RAM,‎16 GB,,‎512 GB,‎SSD,‎Solid State,,‎Speakers,‎Dolby Sound 2.0,‎Integrated AMD Radeon™ 610M Graphics,‎AMD,‎Integrated,‎DDR5 SDRAM,‎Integrated,"‎Standard Ports 2x USB 3.2 Gen 1 1x USB-C® 3.2 Gen 1 (support data transfer, Power Delivery (20V only) and DisplayPort™ 1.2) 1x HDMI® 1.4b 1x Headphone / microphone combo jack (3.5mm) 1x Ethernet (RJ-45) 1x Power connector, WLAN + Bluetooth Wi-Fi® 6, 802.11ax 2x2 + BT5.2",,‎2,‎1,,,‎Windows 11,‎8.5 Hours,‎Yes,‎1 Watt Hours,‎1,"‎Adaptor, Laptop, Power chord",,,,,,‎65 Kilovolts,,,,,,,,,,,,,,,,,,,,,,,,,,,,,,,,,,,,,,‎5.5 Hours,,,,,,,,,,,,
laptop_57,.\images/laptop_57.jpg,laptop_57,STRIFF Adjustable Laptop Tabletop Stand Patented Riser Ventilated Portable Foldable Compatible with MacBook Notebook Tablet Tray Desk Table Book with Free Phone Stand (Black),₹249.00,https://www.amazon.in/STRIFF-Adjustable-Patented-Ventilated-Compatible/dp/B07XCM6T4N/ref=sr_1_26,‎STRIFF,‎STRIFF,,,‎Table Stand,,,,,,‎Laptop Stand,,,,,,,,,,,,,,,,,,,,,,,,,,,,,,,,‎China,‎771 g,,,,,‎Laptop Stand,‎Laptop Stand,,,,,,,,,"‎Laptop, Tablet, Smartphone",‎Flexible,,‎laptop stand with mobile stand,‎1,,,,,,,‎No,‎No,,,,,,,,,,,,,‎12 x 10 x 8 cm; 771 g,,,,,‎ABS,‎Tabletop,‎No,‎No,‎STRIFF,,,,,
laptop_58,.\images/laptop_58.jpg,laptop_58,"Lenovo IdeaPad Slim 3, Intel Core i5-12450H, 12th Gen, 16GB RAM, 512GB SSD, FHD, 14""/35.5cm, Windows 11, MS Office Home 2024, Grey, 1.37Kg, 83EQ0072IN, Alexa Built-in, 3 mon. Game Pass Laptop","₹49,999.00",https://www.amazon.in/Lenovo-IdeaPad-i5-12450H-Windows-83EQ0072IN/dp/B0DP7BZ8FD/ref=sr_1_32,‎Lenovo,‎Lenovo,‎IdeaPad,‎i5-12th | Office 2024,‎Thin & Light,‎14 Inches,‎1920 x 1080 pixels,‎1920 x 1080 Pixels,‎48.4 x 29.4 x 7.6 cm; 1.37 kg,‎1 12V batteries required. (included),‎14IAH8,‎Intel,‎Intel Core i5,‎2 GHz,‎8,‎Lpddr 5,‎DDR5 RAM,‎16 GB,,‎512 GB,‎SSD,‎PCIE x 4,,"‎Headphones, Speakers","‎User-facing stereo speakers, 1.5W x2, optimized with Dolby Audio",‎Intel UHD Graphics,‎Intel,‎Integrated,‎Shared,‎Integrated,"‎Bluetooth, Wi-Fi",‎802.11a/b/g/n/ac,,‎3,,,‎Windows 11 Home,‎7 Hours,‎Yes,‎47 Watt Hours,‎4,"‎User Guide, Laptop, Power Adapter",‎China,‎1 kg 370 g,‎No Optical Drive,,,,,,,,,,,,,,,,,,,,,,,,,,,,,,,,,,,,,,,,,,,,,,,,,,,,,
laptop_59,.\images/laptop_59.jpg,laptop_59,"Lenovo V15 Intel Core i7 12th Gen 15.6"" (39.62 cm) FHD (1920x1080) Antiglare 250 nits Thin and Light Laptop (16GB RAM/512GB SSD/Windows 11 Home/Iron Grey/1Y Onsite/1.7 kg), 82TT004VIH","₹48,390.00",https://www.amazon.in/Lenovo-1920x1080-Antiglare-Windows-82TTA08AIN/dp/B0CJTRM3QW/ref=sr_1_13,‎Lenovo,‎Lenovo,‎Lenovo V15,‎Iron Grey,‎Laptop,‎15.6 Inches,‎1920 x 1080 pixel,‎1920x1080,‎53.4 x 33.2 x 7.2 cm; 1.7 kg,‎1 Lithium Polymer batteries required. (included),‎82TTA08AIN,‎Intel,‎Core i7-1255U,‎1.7 GHz,‎1,‎DDR4,‎DDR4 SDRAM,‎16 GB,‎3200 MHz,‎512 GB,‎SSD,,,"‎Headphones, Speakers",,‎Intel UHD Graphics 630,‎Intel,‎Integrated,‎Shared,‎Integrated,"‎Bluetooth, Wi-Fi",‎802.11ac,‎1,,‎1,,‎Windows 11 Home,,‎Yes,‎38 Watt Hours,‎2,"‎Laptop, User manual, Adapter",‎China,‎1 kg 700 g,‎No Optical Drive,,‎16 GB,‎230 Volts,,,,,,,,,,,,,,,,,,,,,,,,,,,,,,,,,,,,,,,,,,,,,,,,,,
laptop_60,.\images/laptop_60.jpg,laptop_60,"HP Victus, AMD Ryzen 5 5600H, NVIDIA RTX 3050, 16GB DDR4, 512GB SSD (Win11, Office21, Blue, 2.37kg) 144Hz, 9MS, IPS, 15.6-inch(39.6cm) Gaming Laptop, Backlit kb, Enhanced Cooling, fb0106AX/Fb0112AX","₹62,990.00",https://www.amazon.in/HP-GeForce-Graphics-Response-15-fb0106AX/dp/B0BWS9YNCX/ref=sr_1_3,‎HP,‎HP,‎Victus Gaming Laptop,‎Performance Blue,‎Netbook,‎39.6 Centimetres,‎1920 x 1080 pixel,‎1920x1080 Pixels,,‎1 Lithium Ion batteries required. (included),‎15-fb0106AX/15-fb0112ax,‎AMD,‎AMD Ryzen 5 5600X,‎4.2 GHz,‎1,‎DDR4,‎DDR4 SDRAM,‎16 GB,‎3200 MHz,‎512 GB,‎SSD,‎Solid State,,‎Headphones,"‎Audio by B&O, Dual speakers",‎NVIDIA GeForce RTX 3050,‎AMD,‎Dedicated,‎GDDR6,‎PCI Express,‎Wi-Fi,‎Bluetooth,,‎2,‎1,,‎Windows 11 Home,‎10 Hours,‎Yes,‎52.5 Watt Hours,‎3,"‎Laptop, Power Adapter, User Manual",‎China,‎3 kg 420 g,,‎720 Pixels,‎16 GB,,,,,,,,,,,‎4 GB,,,,,,,,,,,,,,,,,,,,,,,,‎52.2 Centimeters,‎30.9 Centimeters,‎7.2 x 30.9 x 52.2 cm; 3.42 kg,‎52.5 Watt Hours,,,‎ac,,,,,,,,,,
laptop_61,.\images/laptop_61.jpg,laptop_61,"Primebook 4G, 2025(New, WiFi+4G) Android Based MediaTek MT8788 - (PrimeOS) 4G SIM Slot, Thin and Light Laptop (11.6 Inch, 1.065 Kg, Type C, USB, HDMI, MicroSD) (4GB/64GB eMMC Storage, Black)","₹15,490.00",https://www.amazon.in/Primebook-Android-Based-MediaTek-MT8788/dp/B0D1Y3MVGL/ref=sr_1_19,‎Primebook,‎VVDN Technologies Private Limited,‎Primebook 4G,‎Black,‎Laptop,‎11.6 Inches,‎1920 x 1080 pixel,‎1366 x 768 Pixels,‎32.79 x 23.7 x 8.2 cm; 1.98 kg,‎1 9V batteries required.,‎MT8788,‎MediaTek,‎MediaTek MT8183,‎2 GHz,‎1,‎LPDDR4,‎DDR4 SDRAM,‎4 GB,,‎64 GB,‎Emmc,,,"‎Headphones, Speakers",,‎Mali-G72,‎MediaTek,‎Integrated,‎Shared,‎Integrated,‎Cellular,‎Bluetooth,‎2,,‎1,,‎PrimeOS,,,‎29.6 Watt Hours,‎2,"‎User Manual, Type C Charger, Primebook Laptop",,‎1 kg 980 g,,,‎4,‎3.6 Volts,,,,,,,,,,,,,,,,,,,,,,,,,,,,,,,,,,,,,,,,,,,,,,,,,,
laptop_63,.\images/laptop_63.jpg,laptop_63,"Acer [SmartChoice Aspire Lite AMD Ryzen 5-5625U Premium Thin and Light Laptop (16 GB RAM/512 GB SSD/Windows 11 Home) AL15-41, 39.62 cm (15.6"") Full HD Display, Metal Body, Steel Gray, 1.59 KG","₹32,990.00",https://www.amazon.in/5-5625U-Premium-Windows-AL15-41-Display/dp/B0DG2GCTD7/ref=sr_1_23,‎acer,‎Acer,‎Aspire Lite,‎Gray,‎Ultra-Portable,‎15.6 Inches,‎1920 x 1080 pixels,‎1920 x 1080 Pixels,‎48.1 x 31.9 x 8.8 cm; 1.59 kg,‎1 Lithium Ion batteries required. (included),‎AL15-41,‎AMD,‎Ryzen 5,‎2.3 GHz,‎1,‎DDR4,‎DDR4 SDRAM,‎16 GB,,‎512 GB,‎SSD,‎Solid State,,‎Speakers,,‎AMD Radeon Graphics,‎AMD,‎Integrated,‎DDR4 SDRAM,‎Integrated,‎Wi-Fi,‎Bluetooth,‎2,‎2,‎1,,‎Windows 11 Home,,‎Yes,‎36 Watt Hours,‎3,"‎‎1U (contains Laptop 1N, Power cord 1N, Adapter 1N, User Manual 1N)",‎China,‎1 kg 590 g,,,‎16 GB,‎240 Volts,,,,,,,,,,,,,,,,,,,,,,,,,,,,,,,,,‎3,,,,‎45 Watts,,‎0.5 g,,,,,,,,,,,
laptop_64,.\images/laptop_64.jpg,laptop_64,"JioBook 11 with Lifetime Office/Android 4G Laptop Mediatek 8788 (JioOS) / Octa-core/ 4GB RAM / 64 eMMC Storage/Thin and Light Laptop (11.6 inch, 990 Grams)/ Dual Band WiFi + SIM/Blue","₹12,990.00",https://www.amazon.in/JioBook-Octa-Core-LPDDR4-JioOS-Expandable/dp/B0CKX9PY1H/ref=sr_1_21,‎JIO,"‎Hunan Greatwall Computer Systems Co., Ltd.",‎JioBook,‎Blue,‎Ultra-Portable,‎11.6 Inches,‎1366_x_768_pixels,‎1366 x 768 Pixels,,‎1 Lithium Ion batteries required. (included),‎NB1112MM(BLU),‎MediaTek,‎Others,‎2 GHz,‎8,‎LPDDR4,‎DDR4 SDRAM,‎4 GB,‎2 GHz,‎64 GB,‎Emmc,,,‎Speakers,‎Built-in Stereo Speakers,‎ARM Mali G72 MP3 @800 MHz,‎MediaTek,‎Integrated,‎Shared,‎Integrated,‎Bluetooth,‎802.11abg,‎2,,,,‎JioOS,‎8 Hours,‎Yes,‎4000 Milliamp Hours (mAh),‎2,"‎Charger, Laptop",‎China,‎990 g,‎eMMC,‎2 MP,‎4 GB,‎12 Volts,,,,,,,,,,,,,,,,,,,,,,,,,,,,,,,,,‎2,‎32.9 Centimeters,‎24.2 Centimeters,‎8.7 x 24.2 x 32.9 cm; 990 g,‎48 Watt Hours,,,,,,,,,,,,,
laptop_65,.\images/laptop_65.jpg,laptop_65,"Dell 15 Thin & Light Laptop, Intel Core i5-1235U Processor/16GB DDR4 + 512GB SSD/Intel UHD Graphics/15.6"" (39.62cm) FHD Display/Win 11 + MSO'21/15 Month McAfee/Carbon Black/Spill Resistant KB/1.69kg","₹47,990.00",https://www.amazon.in/Dell-15-Processor-Antivirus-Spill-Resistant/dp/B0BQJ7WR2R/ref=sr_1_33,‎Dell,‎Dell India Pvt Ltd,‎Vostro,"‎16GB, Carbon Black",‎traditional laptop,‎15.6 Inches,‎1920*1080,‎1920x1080,,‎1 Lithium Ion batteries required. (included),‎Vostro 3520,‎Intel,‎Core i5,‎4.4 GHz,‎1,‎DDR4,‎DDR4 SDRAM,‎16 GB,‎2666 MHz,‎512 GB,‎SSD,‎Solid State,,‎Speakers,,‎Intel UHD Graphics,‎Intel,‎Integrated,‎Shared,‎Integrated,"‎Bluetooth, Wi-Fi","‎Bluetooth, 802.11ac",‎1,‎2,‎1,,‎Windows 11 Home,‎7 Hours,‎Yes,‎2.6 Watt Hours,‎4,"‎‎‎Laptop, Battery, AC Adapter, User Guide, Manuals",‎China,‎1 kg 690 g,,,‎16 GB,‎240 Volts,,,,,,,,,,‎16 GB,,,,,,,,,,,,,,,,,,,,,,,,‎22 Millimeters,‎35.8 Centimeters,‎23.5 x 35.8 x 2.2 cm; 1.69 kg,‎65 Watts,,,,,,,,,,,,,
laptop_66,.\images/laptop_66.jpg,laptop_66,"Dyazo 6 Angles Adjustable Aluminum Ergonomic Foldable Portable Tabletop Laptop/Desktop Riser Stand Holder Compatible for MacBook, HP, Dell, Lenovo & All Other Notebook (Silver)",₹349.00,https://www.amazon.in/Dyazo-Computer-Adjustable-Ergonomic-Compatible/dp/B08LHTJTBB/ref=sr_1_31,‎Dyazo,‎Dyazo,‎N3,‎Silver,‎Table Stand,,,,,,‎DZ 888,,,,,,,,,,,,,,,,,,,,,,,,,,,,‎Yes,,,‎laptop stand,‎China,‎240 g,,,,,,,,,,,,,,,,,,,,,,,,,,,,,,,,,,,,,,‎18 Millimeters,‎40 Millimeters,‎24 x 4 x 1.8 cm; 240 g,,,,,,,,,,,,,,
laptop_67,.\images/laptop_67.jpg,laptop_67,"HP 255 Notebook, AMD Athlon Silver 7120U,8GB DDR4, 256GB SSD, 15.6-inch(39.6cm),Anti-Glare, HD Laptop, Radeon Graphics, (Win 11, Silver,1.52kg) G10","₹23,590.00",https://www.amazon.in/HP-Notebook-15-6-inch-Anti-Glare-Graphics/dp/B0DV984J97/ref=sr_1_8,‎HP,‎HP,‎HP Laptop,‎Silver,‎Netbook,‎39.6 Centimetres,‎1366 x 768 pixels,‎1366 x 768 Pixels,‎52 x 30.7 x 6.9 cm; 1.52 kg,‎1 Lithium Polymer batteries required. (included),‎B69V0PT#ACJ,‎AMD,‎Athlon,‎3.5 GHz,‎1,‎DDR4,‎DDR4 SDRAM,‎8 GB,,‎256 GB,‎SSD,,,‎Speakers,,,‎AMD,‎Integrated,‎DDR4 SDRAM,‎Integrated,,‎802.11ax,,‎2,,,‎Windows 11 Home,‎8 Hours,‎Yes,‎41 Watt Hours,‎3,"‎Laptop, charger",‎China,‎1 kg 520 g,,,,,,,,,,,,,,,,,,,,,,,,,,,,,,,,,,,,,,,,,,‎8 Hours,,,,,,,,,,,,
laptop_69,.\images/laptop_69.jpg,laptop_69,"Cable World Educational Laptop Computer Toy Educational Computer for Kids Above 3 Years - 20 Fun Activity Learning Machine, Now Learn Letter, Words, Games, Mathematics, Music, Logic, Memory Tool,Blue",₹749.00,https://www.amazon.in/Cable-Tricycle-Dancing-Battery-Operated/dp/B08BJC3HXK/ref=sr_1_29,,‎Cable World®,,‎Blue,,,,,,‎3 AA batteries required.,‎Laptop Game For Kids - Blue,,,,,,,,,,,,,,,,,,,,,,,,,,,,,,,,‎India,‎100 g,,,,,,,,,,,,,,,,,,,,,,,,,,‎No,‎Yes,,,,,,,,,,,,,‎28.3 x 19.5 x 18 cm; 100 g,,,,,,,,,,"‎Recognition,Pronunciation,Spelling Test,Recognize Musical Notes",‎Laptop Game For Kids - Blue,‎No,‎Plastic,‎24 months and up
